PartitionKey,RowKey,IpAddress,IpAddressAssignment,SubnetIpRange,SubnetName,VnetIpRange,VnetName
00000,00000,10.155.13.0,,10.155.13.0/27,,10.155.13.0/26,
00001,00001,10.155.13.1,,10.155.13.0/27,,10.155.13.0/26,
00002,00002,10.155.13.2,,10.155.13.0/27,,10.155.13.0/26,
00003,00003,10.155.13.3,,10.155.13.0/27,,10.155.13.0/26,
00004,00004,10.155.13.4,,10.155.13.0/27,,10.155.13.0/26,
00005,00005,10.155.13.5,,10.155.13.0/27,,10.155.13.0/26,
00006,00006,10.155.13.6,,10.155.13.0/27,,10.155.13.0/26,
00007,00007,10.155.13.7,,10.155.13.0/27,,10.155.13.0/26,
00008,00008,10.155.13.8,,10.155.13.0/27,,10.155.13.0/26,
00009,00009,10.155.13.9,,10.155.13.0/27,,10.155.13.0/26,
00010,00010,10.155.13.10,,10.155.13.0/27,,10.155.13.0/26,
00011,00011,10.155.13.11,,10.155.13.0/27,,10.155.13.0/26,
00012,00012,10.155.13.12,,10.155.13.0/27,,10.155.13.0/26,
00013,00013,10.155.13.13,,10.155.13.0/27,,10.155.13.0/26,
00014,00014,10.155.13.14,,10.155.13.0/27,,10.155.13.0/26,
00015,00015,10.155.13.15,,10.155.13.0/27,,10.155.13.0/26,
00016,00016,10.155.13.16,,10.155.13.0/27,,10.155.13.0/26,
00017,00017,10.155.13.17,,10.155.13.0/27,,10.155.13.0/26,
00018,00018,10.155.13.18,,10.155.13.0/27,,10.155.13.0/26,
00019,00019,10.155.13.19,,10.155.13.0/27,,10.155.13.0/26,
00020,00020,10.155.13.20,,10.155.13.0/27,,10.155.13.0/26,
00021,00021,10.155.13.21,,10.155.13.0/27,,10.155.13.0/26,
00022,00022,10.155.13.22,,10.155.13.0/27,,10.155.13.0/26,
00023,00023,10.155.13.23,,10.155.13.0/27,,10.155.13.0/26,
00024,00024,10.155.13.24,,10.155.13.0/27,,10.155.13.0/26,
00025,00025,10.155.13.25,,10.155.13.0/27,,10.155.13.0/26,
00026,00026,10.155.13.26,,10.155.13.0/27,,10.155.13.0/26,
00027,00027,10.155.13.27,,10.155.13.0/27,,10.155.13.0/26,
00028,00028,10.155.13.28,,10.155.13.0/27,,10.155.13.0/26,
00029,00029,10.155.13.29,,10.155.13.0/27,,10.155.13.0/26,
00030,00030,10.155.13.30,,10.155.13.0/27,,10.155.13.0/26,
00031,00031,10.155.13.31,,10.155.13.0/27,,10.155.13.0/26,
00032,00032,10.155.13.32,,10.155.13.32/27,,10.155.13.0/26,
00033,00033,10.155.13.33,,10.155.13.32/27,,10.155.13.0/26,
00034,00034,10.155.13.34,,10.155.13.32/27,,10.155.13.0/26,
00035,00035,10.155.13.35,,10.155.13.32/27,,10.155.13.0/26,
00036,00036,10.155.13.36,,10.155.13.32/27,,10.155.13.0/26,
00037,00037,10.155.13.37,,10.155.13.32/27,,10.155.13.0/26,
00038,00038,10.155.13.38,,10.155.13.32/27,,10.155.13.0/26,
00039,00039,10.155.13.39,,10.155.13.32/27,,10.155.13.0/26,
00040,00040,10.155.13.40,,10.155.13.32/27,,10.155.13.0/26,
00041,00041,10.155.13.41,,10.155.13.32/27,,10.155.13.0/26,
00042,00042,10.155.13.42,,10.155.13.32/27,,10.155.13.0/26,
00043,00043,10.155.13.43,,10.155.13.32/27,,10.155.13.0/26,
00044,00044,10.155.13.44,,10.155.13.32/27,,10.155.13.0/26,
00045,00045,10.155.13.45,,10.155.13.32/27,,10.155.13.0/26,
00046,00046,10.155.13.46,,10.155.13.32/27,,10.155.13.0/26,
00047,00047,10.155.13.47,,10.155.13.32/27,,10.155.13.0/26,
00048,00048,10.155.13.48,,10.155.13.32/27,,10.155.13.0/26,
00049,00049,10.155.13.49,,10.155.13.32/27,,10.155.13.0/26,
00050,00050,10.155.13.50,,10.155.13.32/27,,10.155.13.0/26,
00051,00051,10.155.13.51,,10.155.13.32/27,,10.155.13.0/26,
00052,00052,10.155.13.52,,10.155.13.32/27,,10.155.13.0/26,
00053,00053,10.155.13.53,,10.155.13.32/27,,10.155.13.0/26,
00054,00054,10.155.13.54,,10.155.13.32/27,,10.155.13.0/26,
00055,00055,10.155.13.55,,10.155.13.32/27,,10.155.13.0/26,
00056,00056,10.155.13.56,,10.155.13.32/27,,10.155.13.0/26,
00057,00057,10.155.13.57,,10.155.13.32/27,,10.155.13.0/26,
00058,00058,10.155.13.58,,10.155.13.32/27,,10.155.13.0/26,
00059,00059,10.155.13.59,,10.155.13.32/27,,10.155.13.0/26,
00060,00060,10.155.13.60,,10.155.13.32/27,,10.155.13.0/26,
00061,00061,10.155.13.61,,10.155.13.32/27,,10.155.13.0/26,
00062,00062,10.155.13.62,,10.155.13.32/27,,10.155.13.0/26,
00063,00063,10.155.13.63,,10.155.13.32/27,,10.155.13.0/26,
00064,00064,10.155.13.64,,10.155.13.64/27,,10.155.13.64/26,
00065,00065,10.155.13.65,,10.155.13.64/27,,10.155.13.64/26,
00066,00066,10.155.13.66,,10.155.13.64/27,,10.155.13.64/26,
00067,00067,10.155.13.67,,10.155.13.64/27,,10.155.13.64/26,
00068,00068,10.155.13.68,,10.155.13.64/27,,10.155.13.64/26,
00069,00069,10.155.13.69,,10.155.13.64/27,,10.155.13.64/26,
00070,00070,10.155.13.70,,10.155.13.64/27,,10.155.13.64/26,
00071,00071,10.155.13.71,,10.155.13.64/27,,10.155.13.64/26,
00072,00072,10.155.13.72,,10.155.13.64/27,,10.155.13.64/26,
00073,00073,10.155.13.73,,10.155.13.64/27,,10.155.13.64/26,
00074,00074,10.155.13.74,,10.155.13.64/27,,10.155.13.64/26,
00075,00075,10.155.13.75,,10.155.13.64/27,,10.155.13.64/26,
00076,00076,10.155.13.76,,10.155.13.64/27,,10.155.13.64/26,
00077,00077,10.155.13.77,,10.155.13.64/27,,10.155.13.64/26,
00078,00078,10.155.13.78,,10.155.13.64/27,,10.155.13.64/26,
00079,00079,10.155.13.79,,10.155.13.64/27,,10.155.13.64/26,
00080,00080,10.155.13.80,,10.155.13.64/27,,10.155.13.64/26,
00081,00081,10.155.13.81,,10.155.13.64/27,,10.155.13.64/26,
00082,00082,10.155.13.82,,10.155.13.64/27,,10.155.13.64/26,
00083,00083,10.155.13.83,,10.155.13.64/27,,10.155.13.64/26,
00084,00084,10.155.13.84,,10.155.13.64/27,,10.155.13.64/26,
00085,00085,10.155.13.85,,10.155.13.64/27,,10.155.13.64/26,
00086,00086,10.155.13.86,,10.155.13.64/27,,10.155.13.64/26,
00087,00087,10.155.13.87,,10.155.13.64/27,,10.155.13.64/26,
00088,00088,10.155.13.88,,10.155.13.64/27,,10.155.13.64/26,
00089,00089,10.155.13.89,,10.155.13.64/27,,10.155.13.64/26,
00090,00090,10.155.13.90,,10.155.13.64/27,,10.155.13.64/26,
00091,00091,10.155.13.91,,10.155.13.64/27,,10.155.13.64/26,
00092,00092,10.155.13.92,,10.155.13.64/27,,10.155.13.64/26,
00093,00093,10.155.13.93,,10.155.13.64/27,,10.155.13.64/26,
00094,00094,10.155.13.94,,10.155.13.64/27,,10.155.13.64/26,
00095,00095,10.155.13.95,,10.155.13.64/27,,10.155.13.64/26,
00096,00096,10.155.13.96,,10.155.13.96/27,,10.155.13.64/26,
00097,00097,10.155.13.97,,10.155.13.96/27,,10.155.13.64/26,
00098,00098,10.155.13.98,,10.155.13.96/27,,10.155.13.64/26,
00099,00099,10.155.13.99,,10.155.13.96/27,,10.155.13.64/26,
00100,00100,10.155.13.100,,10.155.13.96/27,,10.155.13.64/26,
00101,00101,10.155.13.101,,10.155.13.96/27,,10.155.13.64/26,
00102,00102,10.155.13.102,,10.155.13.96/27,,10.155.13.64/26,
00103,00103,10.155.13.103,,10.155.13.96/27,,10.155.13.64/26,
00104,00104,10.155.13.104,,10.155.13.96/27,,10.155.13.64/26,
00105,00105,10.155.13.105,,10.155.13.96/27,,10.155.13.64/26,
00106,00106,10.155.13.106,,10.155.13.96/27,,10.155.13.64/26,
00107,00107,10.155.13.107,,10.155.13.96/27,,10.155.13.64/26,
00108,00108,10.155.13.108,,10.155.13.96/27,,10.155.13.64/26,
00109,00109,10.155.13.109,,10.155.13.96/27,,10.155.13.64/26,
00110,00110,10.155.13.110,,10.155.13.96/27,,10.155.13.64/26,
00111,00111,10.155.13.111,,10.155.13.96/27,,10.155.13.64/26,
00112,00112,10.155.13.112,,10.155.13.96/27,,10.155.13.64/26,
00113,00113,10.155.13.113,,10.155.13.96/27,,10.155.13.64/26,
00114,00114,10.155.13.114,,10.155.13.96/27,,10.155.13.64/26,
00115,00115,10.155.13.115,,10.155.13.96/27,,10.155.13.64/26,
00116,00116,10.155.13.116,,10.155.13.96/27,,10.155.13.64/26,
00117,00117,10.155.13.117,,10.155.13.96/27,,10.155.13.64/26,
00118,00118,10.155.13.118,,10.155.13.96/27,,10.155.13.64/26,
00119,00119,10.155.13.119,,10.155.13.96/27,,10.155.13.64/26,
00120,00120,10.155.13.120,,10.155.13.96/27,,10.155.13.64/26,
00121,00121,10.155.13.121,,10.155.13.96/27,,10.155.13.64/26,
00122,00122,10.155.13.122,,10.155.13.96/27,,10.155.13.64/26,
00123,00123,10.155.13.123,,10.155.13.96/27,,10.155.13.64/26,
00124,00124,10.155.13.124,,10.155.13.96/27,,10.155.13.64/26,
00125,00125,10.155.13.125,,10.155.13.96/27,,10.155.13.64/26,
00126,00126,10.155.13.126,,10.155.13.96/27,,10.155.13.64/26,
00127,00127,10.155.13.127,,10.155.13.96/27,,10.155.13.64/26,
00128,00128,10.155.13.128,,10.155.13.128/27,,10.155.13.128/26,
00129,00129,10.155.13.129,,10.155.13.128/27,,10.155.13.128/26,
00130,00130,10.155.13.130,,10.155.13.128/27,,10.155.13.128/26,
00131,00131,10.155.13.131,,10.155.13.128/27,,10.155.13.128/26,
00132,00132,10.155.13.132,,10.155.13.128/27,,10.155.13.128/26,
00133,00133,10.155.13.133,,10.155.13.128/27,,10.155.13.128/26,
00134,00134,10.155.13.134,,10.155.13.128/27,,10.155.13.128/26,
00135,00135,10.155.13.135,,10.155.13.128/27,,10.155.13.128/26,
00136,00136,10.155.13.136,,10.155.13.128/27,,10.155.13.128/26,
00137,00137,10.155.13.137,,10.155.13.128/27,,10.155.13.128/26,
00138,00138,10.155.13.138,,10.155.13.128/27,,10.155.13.128/26,
00139,00139,10.155.13.139,,10.155.13.128/27,,10.155.13.128/26,
00140,00140,10.155.13.140,,10.155.13.128/27,,10.155.13.128/26,
00141,00141,10.155.13.141,,10.155.13.128/27,,10.155.13.128/26,
00142,00142,10.155.13.142,,10.155.13.128/27,,10.155.13.128/26,
00143,00143,10.155.13.143,,10.155.13.128/27,,10.155.13.128/26,
00144,00144,10.155.13.144,,10.155.13.128/27,,10.155.13.128/26,
00145,00145,10.155.13.145,,10.155.13.128/27,,10.155.13.128/26,
00146,00146,10.155.13.146,,10.155.13.128/27,,10.155.13.128/26,
00147,00147,10.155.13.147,,10.155.13.128/27,,10.155.13.128/26,
00148,00148,10.155.13.148,,10.155.13.128/27,,10.155.13.128/26,
00149,00149,10.155.13.149,,10.155.13.128/27,,10.155.13.128/26,
00150,00150,10.155.13.150,,10.155.13.128/27,,10.155.13.128/26,
00151,00151,10.155.13.151,,10.155.13.128/27,,10.155.13.128/26,
00152,00152,10.155.13.152,,10.155.13.128/27,,10.155.13.128/26,
00153,00153,10.155.13.153,,10.155.13.128/27,,10.155.13.128/26,
00154,00154,10.155.13.154,,10.155.13.128/27,,10.155.13.128/26,
00155,00155,10.155.13.155,,10.155.13.128/27,,10.155.13.128/26,
00156,00156,10.155.13.156,,10.155.13.128/27,,10.155.13.128/26,
00157,00157,10.155.13.157,,10.155.13.128/27,,10.155.13.128/26,
00158,00158,10.155.13.158,,10.155.13.128/27,,10.155.13.128/26,
00159,00159,10.155.13.159,,10.155.13.128/27,,10.155.13.128/26,
00160,00160,10.155.13.160,,10.155.13.160/27,,10.155.13.128/26,
00161,00161,10.155.13.161,,10.155.13.160/27,,10.155.13.128/26,
00162,00162,10.155.13.162,,10.155.13.160/27,,10.155.13.128/26,
00163,00163,10.155.13.163,,10.155.13.160/27,,10.155.13.128/26,
00164,00164,10.155.13.164,,10.155.13.160/27,,10.155.13.128/26,
00165,00165,10.155.13.165,,10.155.13.160/27,,10.155.13.128/26,
00166,00166,10.155.13.166,,10.155.13.160/27,,10.155.13.128/26,
00167,00167,10.155.13.167,,10.155.13.160/27,,10.155.13.128/26,
00168,00168,10.155.13.168,,10.155.13.160/27,,10.155.13.128/26,
00169,00169,10.155.13.169,,10.155.13.160/27,,10.155.13.128/26,
00170,00170,10.155.13.170,,10.155.13.160/27,,10.155.13.128/26,
00171,00171,10.155.13.171,,10.155.13.160/27,,10.155.13.128/26,
00172,00172,10.155.13.172,,10.155.13.160/27,,10.155.13.128/26,
00173,00173,10.155.13.173,,10.155.13.160/27,,10.155.13.128/26,
00174,00174,10.155.13.174,,10.155.13.160/27,,10.155.13.128/26,
00175,00175,10.155.13.175,,10.155.13.160/27,,10.155.13.128/26,
00176,00176,10.155.13.176,,10.155.13.160/27,,10.155.13.128/26,
00177,00177,10.155.13.177,,10.155.13.160/27,,10.155.13.128/26,
00178,00178,10.155.13.178,,10.155.13.160/27,,10.155.13.128/26,
00179,00179,10.155.13.179,,10.155.13.160/27,,10.155.13.128/26,
00180,00180,10.155.13.180,,10.155.13.160/27,,10.155.13.128/26,
00181,00181,10.155.13.181,,10.155.13.160/27,,10.155.13.128/26,
00182,00182,10.155.13.182,,10.155.13.160/27,,10.155.13.128/26,
00183,00183,10.155.13.183,,10.155.13.160/27,,10.155.13.128/26,
00184,00184,10.155.13.184,,10.155.13.160/27,,10.155.13.128/26,
00185,00185,10.155.13.185,,10.155.13.160/27,,10.155.13.128/26,
00186,00186,10.155.13.186,,10.155.13.160/27,,10.155.13.128/26,
00187,00187,10.155.13.187,,10.155.13.160/27,,10.155.13.128/26,
00188,00188,10.155.13.188,,10.155.13.160/27,,10.155.13.128/26,
00189,00189,10.155.13.189,,10.155.13.160/27,,10.155.13.128/26,
00190,00190,10.155.13.190,,10.155.13.160/27,,10.155.13.128/26,
00191,00191,10.155.13.191,,10.155.13.160/27,,10.155.13.128/26,
00192,00192,10.155.13.192,,10.155.13.192/27,,10.155.13.192/26,
00193,00193,10.155.13.193,,10.155.13.192/27,,10.155.13.192/26,
00194,00194,10.155.13.194,,10.155.13.192/27,,10.155.13.192/26,
00195,00195,10.155.13.195,,10.155.13.192/27,,10.155.13.192/26,
00196,00196,10.155.13.196,,10.155.13.192/27,,10.155.13.192/26,
00197,00197,10.155.13.197,,10.155.13.192/27,,10.155.13.192/26,
00198,00198,10.155.13.198,,10.155.13.192/27,,10.155.13.192/26,
00199,00199,10.155.13.199,,10.155.13.192/27,,10.155.13.192/26,
00200,00200,10.155.13.200,,10.155.13.192/27,,10.155.13.192/26,
00201,00201,10.155.13.201,,10.155.13.192/27,,10.155.13.192/26,
00202,00202,10.155.13.202,,10.155.13.192/27,,10.155.13.192/26,
00203,00203,10.155.13.203,,10.155.13.192/27,,10.155.13.192/26,
00204,00204,10.155.13.204,,10.155.13.192/27,,10.155.13.192/26,
00205,00205,10.155.13.205,,10.155.13.192/27,,10.155.13.192/26,
00206,00206,10.155.13.206,,10.155.13.192/27,,10.155.13.192/26,
00207,00207,10.155.13.207,,10.155.13.192/27,,10.155.13.192/26,
00208,00208,10.155.13.208,,10.155.13.192/27,,10.155.13.192/26,
00209,00209,10.155.13.209,,10.155.13.192/27,,10.155.13.192/26,
00210,00210,10.155.13.210,,10.155.13.192/27,,10.155.13.192/26,
00211,00211,10.155.13.211,,10.155.13.192/27,,10.155.13.192/26,
00212,00212,10.155.13.212,,10.155.13.192/27,,10.155.13.192/26,
00213,00213,10.155.13.213,,10.155.13.192/27,,10.155.13.192/26,
00214,00214,10.155.13.214,,10.155.13.192/27,,10.155.13.192/26,
00215,00215,10.155.13.215,,10.155.13.192/27,,10.155.13.192/26,
00216,00216,10.155.13.216,,10.155.13.192/27,,10.155.13.192/26,
00217,00217,10.155.13.217,,10.155.13.192/27,,10.155.13.192/26,
00218,00218,10.155.13.218,,10.155.13.192/27,,10.155.13.192/26,
00219,00219,10.155.13.219,,10.155.13.192/27,,10.155.13.192/26,
00220,00220,10.155.13.220,,10.155.13.192/27,,10.155.13.192/26,
00221,00221,10.155.13.221,,10.155.13.192/27,,10.155.13.192/26,
00222,00222,10.155.13.222,,10.155.13.192/27,,10.155.13.192/26,
00223,00223,10.155.13.223,,10.155.13.192/27,,10.155.13.192/26,
00224,00224,10.155.13.224,,10.155.13.224/27,,10.155.13.192/26,
00225,00225,10.155.13.225,,10.155.13.224/27,,10.155.13.192/26,
00226,00226,10.155.13.226,,10.155.13.224/27,,10.155.13.192/26,
00227,00227,10.155.13.227,,10.155.13.224/27,,10.155.13.192/26,
00228,00228,10.155.13.228,,10.155.13.224/27,,10.155.13.192/26,
00229,00229,10.155.13.229,,10.155.13.224/27,,10.155.13.192/26,
00230,00230,10.155.13.230,,10.155.13.224/27,,10.155.13.192/26,
00231,00231,10.155.13.231,,10.155.13.224/27,,10.155.13.192/26,
00232,00232,10.155.13.232,,10.155.13.224/27,,10.155.13.192/26,
00233,00233,10.155.13.233,,10.155.13.224/27,,10.155.13.192/26,
00234,00234,10.155.13.234,,10.155.13.224/27,,10.155.13.192/26,
00235,00235,10.155.13.235,,10.155.13.224/27,,10.155.13.192/26,
00236,00236,10.155.13.236,,10.155.13.224/27,,10.155.13.192/26,
00237,00237,10.155.13.237,,10.155.13.224/27,,10.155.13.192/26,
00238,00238,10.155.13.238,,10.155.13.224/27,,10.155.13.192/26,
00239,00239,10.155.13.239,,10.155.13.224/27,,10.155.13.192/26,
00240,00240,10.155.13.240,,10.155.13.224/27,,10.155.13.192/26,
00241,00241,10.155.13.241,,10.155.13.224/27,,10.155.13.192/26,
00242,00242,10.155.13.242,,10.155.13.224/27,,10.155.13.192/26,
00243,00243,10.155.13.243,,10.155.13.224/27,,10.155.13.192/26,
00244,00244,10.155.13.244,,10.155.13.224/27,,10.155.13.192/26,
00245,00245,10.155.13.245,,10.155.13.224/27,,10.155.13.192/26,
00246,00246,10.155.13.246,,10.155.13.224/27,,10.155.13.192/26,
00247,00247,10.155.13.247,,10.155.13.224/27,,10.155.13.192/26,
00248,00248,10.155.13.248,,10.155.13.224/27,,10.155.13.192/26,
00249,00249,10.155.13.249,,10.155.13.224/27,,10.155.13.192/26,
00250,00250,10.155.13.250,,10.155.13.224/27,,10.155.13.192/26,
00251,00251,10.155.13.251,,10.155.13.224/27,,10.155.13.192/26,
00252,00252,10.155.13.252,,10.155.13.224/27,,10.155.13.192/26,
00253,00253,10.155.13.253,,10.155.13.224/27,,10.155.13.192/26,
00254,00254,10.155.13.254,,10.155.13.224/27,,10.155.13.192/26,
00255,00255,10.155.13.255,,10.155.13.224/27,,10.155.13.192/26,
00256,00256,10.155.14.0,,10.155.14.0/27,,10.155.14.0/26,
00257,00257,10.155.14.1,,10.155.14.0/27,,10.155.14.0/26,
00258,00258,10.155.14.2,,10.155.14.0/27,,10.155.14.0/26,
00259,00259,10.155.14.3,,10.155.14.0/27,,10.155.14.0/26,
00260,00260,10.155.14.4,,10.155.14.0/27,,10.155.14.0/26,
00261,00261,10.155.14.5,,10.155.14.0/27,,10.155.14.0/26,
00262,00262,10.155.14.6,,10.155.14.0/27,,10.155.14.0/26,
00263,00263,10.155.14.7,,10.155.14.0/27,,10.155.14.0/26,
00264,00264,10.155.14.8,,10.155.14.0/27,,10.155.14.0/26,
00265,00265,10.155.14.9,,10.155.14.0/27,,10.155.14.0/26,
00266,00266,10.155.14.10,,10.155.14.0/27,,10.155.14.0/26,
00267,00267,10.155.14.11,,10.155.14.0/27,,10.155.14.0/26,
00268,00268,10.155.14.12,,10.155.14.0/27,,10.155.14.0/26,
00269,00269,10.155.14.13,,10.155.14.0/27,,10.155.14.0/26,
00270,00270,10.155.14.14,,10.155.14.0/27,,10.155.14.0/26,
00271,00271,10.155.14.15,,10.155.14.0/27,,10.155.14.0/26,
00272,00272,10.155.14.16,,10.155.14.0/27,,10.155.14.0/26,
00273,00273,10.155.14.17,,10.155.14.0/27,,10.155.14.0/26,
00274,00274,10.155.14.18,,10.155.14.0/27,,10.155.14.0/26,
00275,00275,10.155.14.19,,10.155.14.0/27,,10.155.14.0/26,
00276,00276,10.155.14.20,,10.155.14.0/27,,10.155.14.0/26,
00277,00277,10.155.14.21,,10.155.14.0/27,,10.155.14.0/26,
00278,00278,10.155.14.22,,10.155.14.0/27,,10.155.14.0/26,
00279,00279,10.155.14.23,,10.155.14.0/27,,10.155.14.0/26,
00280,00280,10.155.14.24,,10.155.14.0/27,,10.155.14.0/26,
00281,00281,10.155.14.25,,10.155.14.0/27,,10.155.14.0/26,
00282,00282,10.155.14.26,,10.155.14.0/27,,10.155.14.0/26,
00283,00283,10.155.14.27,,10.155.14.0/27,,10.155.14.0/26,
00284,00284,10.155.14.28,,10.155.14.0/27,,10.155.14.0/26,
00285,00285,10.155.14.29,,10.155.14.0/27,,10.155.14.0/26,
00286,00286,10.155.14.30,,10.155.14.0/27,,10.155.14.0/26,
00287,00287,10.155.14.31,,10.155.14.0/27,,10.155.14.0/26,
00288,00288,10.155.14.32,,10.155.14.32/27,,10.155.14.0/26,
00289,00289,10.155.14.33,,10.155.14.32/27,,10.155.14.0/26,
00290,00290,10.155.14.34,,10.155.14.32/27,,10.155.14.0/26,
00291,00291,10.155.14.35,,10.155.14.32/27,,10.155.14.0/26,
00292,00292,10.155.14.36,,10.155.14.32/27,,10.155.14.0/26,
00293,00293,10.155.14.37,,10.155.14.32/27,,10.155.14.0/26,
00294,00294,10.155.14.38,,10.155.14.32/27,,10.155.14.0/26,
00295,00295,10.155.14.39,,10.155.14.32/27,,10.155.14.0/26,
00296,00296,10.155.14.40,,10.155.14.32/27,,10.155.14.0/26,
00297,00297,10.155.14.41,,10.155.14.32/27,,10.155.14.0/26,
00298,00298,10.155.14.42,,10.155.14.32/27,,10.155.14.0/26,
00299,00299,10.155.14.43,,10.155.14.32/27,,10.155.14.0/26,
00300,00300,10.155.14.44,,10.155.14.32/27,,10.155.14.0/26,
00301,00301,10.155.14.45,,10.155.14.32/27,,10.155.14.0/26,
00302,00302,10.155.14.46,,10.155.14.32/27,,10.155.14.0/26,
00303,00303,10.155.14.47,,10.155.14.32/27,,10.155.14.0/26,
00304,00304,10.155.14.48,,10.155.14.32/27,,10.155.14.0/26,
00305,00305,10.155.14.49,,10.155.14.32/27,,10.155.14.0/26,
00306,00306,10.155.14.50,,10.155.14.32/27,,10.155.14.0/26,
00307,00307,10.155.14.51,,10.155.14.32/27,,10.155.14.0/26,
00308,00308,10.155.14.52,,10.155.14.32/27,,10.155.14.0/26,
00309,00309,10.155.14.53,,10.155.14.32/27,,10.155.14.0/26,
00310,00310,10.155.14.54,,10.155.14.32/27,,10.155.14.0/26,
00311,00311,10.155.14.55,,10.155.14.32/27,,10.155.14.0/26,
00312,00312,10.155.14.56,,10.155.14.32/27,,10.155.14.0/26,
00313,00313,10.155.14.57,,10.155.14.32/27,,10.155.14.0/26,
00314,00314,10.155.14.58,,10.155.14.32/27,,10.155.14.0/26,
00315,00315,10.155.14.59,,10.155.14.32/27,,10.155.14.0/26,
00316,00316,10.155.14.60,,10.155.14.32/27,,10.155.14.0/26,
00317,00317,10.155.14.61,,10.155.14.32/27,,10.155.14.0/26,
00318,00318,10.155.14.62,,10.155.14.32/27,,10.155.14.0/26,
00319,00319,10.155.14.63,,10.155.14.32/27,,10.155.14.0/26,
00320,00320,10.155.14.64,,10.155.14.64/27,,10.155.14.64/26,
00321,00321,10.155.14.65,,10.155.14.64/27,,10.155.14.64/26,
00322,00322,10.155.14.66,,10.155.14.64/27,,10.155.14.64/26,
00323,00323,10.155.14.67,,10.155.14.64/27,,10.155.14.64/26,
00324,00324,10.155.14.68,,10.155.14.64/27,,10.155.14.64/26,
00325,00325,10.155.14.69,,10.155.14.64/27,,10.155.14.64/26,
00326,00326,10.155.14.70,,10.155.14.64/27,,10.155.14.64/26,
00327,00327,10.155.14.71,,10.155.14.64/27,,10.155.14.64/26,
00328,00328,10.155.14.72,,10.155.14.64/27,,10.155.14.64/26,
00329,00329,10.155.14.73,,10.155.14.64/27,,10.155.14.64/26,
00330,00330,10.155.14.74,,10.155.14.64/27,,10.155.14.64/26,
00331,00331,10.155.14.75,,10.155.14.64/27,,10.155.14.64/26,
00332,00332,10.155.14.76,,10.155.14.64/27,,10.155.14.64/26,
00333,00333,10.155.14.77,,10.155.14.64/27,,10.155.14.64/26,
00334,00334,10.155.14.78,,10.155.14.64/27,,10.155.14.64/26,
00335,00335,10.155.14.79,,10.155.14.64/27,,10.155.14.64/26,
00336,00336,10.155.14.80,,10.155.14.64/27,,10.155.14.64/26,
00337,00337,10.155.14.81,,10.155.14.64/27,,10.155.14.64/26,
00338,00338,10.155.14.82,,10.155.14.64/27,,10.155.14.64/26,
00339,00339,10.155.14.83,,10.155.14.64/27,,10.155.14.64/26,
00340,00340,10.155.14.84,,10.155.14.64/27,,10.155.14.64/26,
00341,00341,10.155.14.85,,10.155.14.64/27,,10.155.14.64/26,
00342,00342,10.155.14.86,,10.155.14.64/27,,10.155.14.64/26,
00343,00343,10.155.14.87,,10.155.14.64/27,,10.155.14.64/26,
00344,00344,10.155.14.88,,10.155.14.64/27,,10.155.14.64/26,
00345,00345,10.155.14.89,,10.155.14.64/27,,10.155.14.64/26,
00346,00346,10.155.14.90,,10.155.14.64/27,,10.155.14.64/26,
00347,00347,10.155.14.91,,10.155.14.64/27,,10.155.14.64/26,
00348,00348,10.155.14.92,,10.155.14.64/27,,10.155.14.64/26,
00349,00349,10.155.14.93,,10.155.14.64/27,,10.155.14.64/26,
00350,00350,10.155.14.94,,10.155.14.64/27,,10.155.14.64/26,
00351,00351,10.155.14.95,,10.155.14.64/27,,10.155.14.64/26,
00352,00352,10.155.14.96,,10.155.14.96/27,,10.155.14.64/26,
00353,00353,10.155.14.97,,10.155.14.96/27,,10.155.14.64/26,
00354,00354,10.155.14.98,,10.155.14.96/27,,10.155.14.64/26,
00355,00355,10.155.14.99,,10.155.14.96/27,,10.155.14.64/26,
00356,00356,10.155.14.100,,10.155.14.96/27,,10.155.14.64/26,
00357,00357,10.155.14.101,,10.155.14.96/27,,10.155.14.64/26,
00358,00358,10.155.14.102,,10.155.14.96/27,,10.155.14.64/26,
00359,00359,10.155.14.103,,10.155.14.96/27,,10.155.14.64/26,
00360,00360,10.155.14.104,,10.155.14.96/27,,10.155.14.64/26,
00361,00361,10.155.14.105,,10.155.14.96/27,,10.155.14.64/26,
00362,00362,10.155.14.106,,10.155.14.96/27,,10.155.14.64/26,
00363,00363,10.155.14.107,,10.155.14.96/27,,10.155.14.64/26,
00364,00364,10.155.14.108,,10.155.14.96/27,,10.155.14.64/26,
00365,00365,10.155.14.109,,10.155.14.96/27,,10.155.14.64/26,
00366,00366,10.155.14.110,,10.155.14.96/27,,10.155.14.64/26,
00367,00367,10.155.14.111,,10.155.14.96/27,,10.155.14.64/26,
00368,00368,10.155.14.112,,10.155.14.96/27,,10.155.14.64/26,
00369,00369,10.155.14.113,,10.155.14.96/27,,10.155.14.64/26,
00370,00370,10.155.14.114,,10.155.14.96/27,,10.155.14.64/26,
00371,00371,10.155.14.115,,10.155.14.96/27,,10.155.14.64/26,
00372,00372,10.155.14.116,,10.155.14.96/27,,10.155.14.64/26,
00373,00373,10.155.14.117,,10.155.14.96/27,,10.155.14.64/26,
00374,00374,10.155.14.118,,10.155.14.96/27,,10.155.14.64/26,
00375,00375,10.155.14.119,,10.155.14.96/27,,10.155.14.64/26,
00376,00376,10.155.14.120,,10.155.14.96/27,,10.155.14.64/26,
00377,00377,10.155.14.121,,10.155.14.96/27,,10.155.14.64/26,
00378,00378,10.155.14.122,,10.155.14.96/27,,10.155.14.64/26,
00379,00379,10.155.14.123,,10.155.14.96/27,,10.155.14.64/26,
00380,00380,10.155.14.124,,10.155.14.96/27,,10.155.14.64/26,
00381,00381,10.155.14.125,,10.155.14.96/27,,10.155.14.64/26,
00382,00382,10.155.14.126,,10.155.14.96/27,,10.155.14.64/26,
00383,00383,10.155.14.127,,10.155.14.96/27,,10.155.14.64/26,
00384,00384,10.155.14.128,,10.155.14.128/27,,10.155.14.128/26,
00385,00385,10.155.14.129,,10.155.14.128/27,,10.155.14.128/26,
00386,00386,10.155.14.130,,10.155.14.128/27,,10.155.14.128/26,
00387,00387,10.155.14.131,,10.155.14.128/27,,10.155.14.128/26,
00388,00388,10.155.14.132,,10.155.14.128/27,,10.155.14.128/26,
00389,00389,10.155.14.133,,10.155.14.128/27,,10.155.14.128/26,
00390,00390,10.155.14.134,,10.155.14.128/27,,10.155.14.128/26,
00391,00391,10.155.14.135,,10.155.14.128/27,,10.155.14.128/26,
00392,00392,10.155.14.136,,10.155.14.128/27,,10.155.14.128/26,
00393,00393,10.155.14.137,,10.155.14.128/27,,10.155.14.128/26,
00394,00394,10.155.14.138,,10.155.14.128/27,,10.155.14.128/26,
00395,00395,10.155.14.139,,10.155.14.128/27,,10.155.14.128/26,
00396,00396,10.155.14.140,,10.155.14.128/27,,10.155.14.128/26,
00397,00397,10.155.14.141,,10.155.14.128/27,,10.155.14.128/26,
00398,00398,10.155.14.142,,10.155.14.128/27,,10.155.14.128/26,
00399,00399,10.155.14.143,,10.155.14.128/27,,10.155.14.128/26,
00400,00400,10.155.14.144,,10.155.14.128/27,,10.155.14.128/26,
00401,00401,10.155.14.145,,10.155.14.128/27,,10.155.14.128/26,
00402,00402,10.155.14.146,,10.155.14.128/27,,10.155.14.128/26,
00403,00403,10.155.14.147,,10.155.14.128/27,,10.155.14.128/26,
00404,00404,10.155.14.148,,10.155.14.128/27,,10.155.14.128/26,
00405,00405,10.155.14.149,,10.155.14.128/27,,10.155.14.128/26,
00406,00406,10.155.14.150,,10.155.14.128/27,,10.155.14.128/26,
00407,00407,10.155.14.151,,10.155.14.128/27,,10.155.14.128/26,
00408,00408,10.155.14.152,,10.155.14.128/27,,10.155.14.128/26,
00409,00409,10.155.14.153,,10.155.14.128/27,,10.155.14.128/26,
00410,00410,10.155.14.154,,10.155.14.128/27,,10.155.14.128/26,
00411,00411,10.155.14.155,,10.155.14.128/27,,10.155.14.128/26,
00412,00412,10.155.14.156,,10.155.14.128/27,,10.155.14.128/26,
00413,00413,10.155.14.157,,10.155.14.128/27,,10.155.14.128/26,
00414,00414,10.155.14.158,,10.155.14.128/27,,10.155.14.128/26,
00415,00415,10.155.14.159,,10.155.14.128/27,,10.155.14.128/26,
00416,00416,10.155.14.160,,10.155.14.160/27,,10.155.14.128/26,
00417,00417,10.155.14.161,,10.155.14.160/27,,10.155.14.128/26,
00418,00418,10.155.14.162,,10.155.14.160/27,,10.155.14.128/26,
00419,00419,10.155.14.163,,10.155.14.160/27,,10.155.14.128/26,
00420,00420,10.155.14.164,,10.155.14.160/27,,10.155.14.128/26,
00421,00421,10.155.14.165,,10.155.14.160/27,,10.155.14.128/26,
00422,00422,10.155.14.166,,10.155.14.160/27,,10.155.14.128/26,
00423,00423,10.155.14.167,,10.155.14.160/27,,10.155.14.128/26,
00424,00424,10.155.14.168,,10.155.14.160/27,,10.155.14.128/26,
00425,00425,10.155.14.169,,10.155.14.160/27,,10.155.14.128/26,
00426,00426,10.155.14.170,,10.155.14.160/27,,10.155.14.128/26,
00427,00427,10.155.14.171,,10.155.14.160/27,,10.155.14.128/26,
00428,00428,10.155.14.172,,10.155.14.160/27,,10.155.14.128/26,
00429,00429,10.155.14.173,,10.155.14.160/27,,10.155.14.128/26,
00430,00430,10.155.14.174,,10.155.14.160/27,,10.155.14.128/26,
00431,00431,10.155.14.175,,10.155.14.160/27,,10.155.14.128/26,
00432,00432,10.155.14.176,,10.155.14.160/27,,10.155.14.128/26,
00433,00433,10.155.14.177,,10.155.14.160/27,,10.155.14.128/26,
00434,00434,10.155.14.178,,10.155.14.160/27,,10.155.14.128/26,
00435,00435,10.155.14.179,,10.155.14.160/27,,10.155.14.128/26,
00436,00436,10.155.14.180,,10.155.14.160/27,,10.155.14.128/26,
00437,00437,10.155.14.181,,10.155.14.160/27,,10.155.14.128/26,
00438,00438,10.155.14.182,,10.155.14.160/27,,10.155.14.128/26,
00439,00439,10.155.14.183,,10.155.14.160/27,,10.155.14.128/26,
00440,00440,10.155.14.184,,10.155.14.160/27,,10.155.14.128/26,
00441,00441,10.155.14.185,,10.155.14.160/27,,10.155.14.128/26,
00442,00442,10.155.14.186,,10.155.14.160/27,,10.155.14.128/26,
00443,00443,10.155.14.187,,10.155.14.160/27,,10.155.14.128/26,
00444,00444,10.155.14.188,,10.155.14.160/27,,10.155.14.128/26,
00445,00445,10.155.14.189,,10.155.14.160/27,,10.155.14.128/26,
00446,00446,10.155.14.190,,10.155.14.160/27,,10.155.14.128/26,
00447,00447,10.155.14.191,,10.155.14.160/27,,10.155.14.128/26,
00448,00448,10.155.14.192,,10.155.14.192/27,,10.155.14.192/26,
00449,00449,10.155.14.193,,10.155.14.192/27,,10.155.14.192/26,
00450,00450,10.155.14.194,,10.155.14.192/27,,10.155.14.192/26,
00451,00451,10.155.14.195,,10.155.14.192/27,,10.155.14.192/26,
00452,00452,10.155.14.196,,10.155.14.192/27,,10.155.14.192/26,
00453,00453,10.155.14.197,,10.155.14.192/27,,10.155.14.192/26,
00454,00454,10.155.14.198,,10.155.14.192/27,,10.155.14.192/26,
00455,00455,10.155.14.199,,10.155.14.192/27,,10.155.14.192/26,
00456,00456,10.155.14.200,,10.155.14.192/27,,10.155.14.192/26,
00457,00457,10.155.14.201,,10.155.14.192/27,,10.155.14.192/26,
00458,00458,10.155.14.202,,10.155.14.192/27,,10.155.14.192/26,
00459,00459,10.155.14.203,,10.155.14.192/27,,10.155.14.192/26,
00460,00460,10.155.14.204,,10.155.14.192/27,,10.155.14.192/26,
00461,00461,10.155.14.205,,10.155.14.192/27,,10.155.14.192/26,
00462,00462,10.155.14.206,,10.155.14.192/27,,10.155.14.192/26,
00463,00463,10.155.14.207,,10.155.14.192/27,,10.155.14.192/26,
00464,00464,10.155.14.208,,10.155.14.192/27,,10.155.14.192/26,
00465,00465,10.155.14.209,,10.155.14.192/27,,10.155.14.192/26,
00466,00466,10.155.14.210,,10.155.14.192/27,,10.155.14.192/26,
00467,00467,10.155.14.211,,10.155.14.192/27,,10.155.14.192/26,
00468,00468,10.155.14.212,,10.155.14.192/27,,10.155.14.192/26,
00469,00469,10.155.14.213,,10.155.14.192/27,,10.155.14.192/26,
00470,00470,10.155.14.214,,10.155.14.192/27,,10.155.14.192/26,
00471,00471,10.155.14.215,,10.155.14.192/27,,10.155.14.192/26,
00472,00472,10.155.14.216,,10.155.14.192/27,,10.155.14.192/26,
00473,00473,10.155.14.217,,10.155.14.192/27,,10.155.14.192/26,
00474,00474,10.155.14.218,,10.155.14.192/27,,10.155.14.192/26,
00475,00475,10.155.14.219,,10.155.14.192/27,,10.155.14.192/26,
00476,00476,10.155.14.220,,10.155.14.192/27,,10.155.14.192/26,
00477,00477,10.155.14.221,,10.155.14.192/27,,10.155.14.192/26,
00478,00478,10.155.14.222,,10.155.14.192/27,,10.155.14.192/26,
00479,00479,10.155.14.223,,10.155.14.192/27,,10.155.14.192/26,
00480,00480,10.155.14.224,,10.155.14.224/27,,10.155.14.192/26,
00481,00481,10.155.14.225,,10.155.14.224/27,,10.155.14.192/26,
00482,00482,10.155.14.226,,10.155.14.224/27,,10.155.14.192/26,
00483,00483,10.155.14.227,,10.155.14.224/27,,10.155.14.192/26,
00484,00484,10.155.14.228,,10.155.14.224/27,,10.155.14.192/26,
00485,00485,10.155.14.229,,10.155.14.224/27,,10.155.14.192/26,
00486,00486,10.155.14.230,,10.155.14.224/27,,10.155.14.192/26,
00487,00487,10.155.14.231,,10.155.14.224/27,,10.155.14.192/26,
00488,00488,10.155.14.232,,10.155.14.224/27,,10.155.14.192/26,
00489,00489,10.155.14.233,,10.155.14.224/27,,10.155.14.192/26,
00490,00490,10.155.14.234,,10.155.14.224/27,,10.155.14.192/26,
00491,00491,10.155.14.235,,10.155.14.224/27,,10.155.14.192/26,
00492,00492,10.155.14.236,,10.155.14.224/27,,10.155.14.192/26,
00493,00493,10.155.14.237,,10.155.14.224/27,,10.155.14.192/26,
00494,00494,10.155.14.238,,10.155.14.224/27,,10.155.14.192/26,
00495,00495,10.155.14.239,,10.155.14.224/27,,10.155.14.192/26,
00496,00496,10.155.14.240,,10.155.14.224/27,,10.155.14.192/26,
00497,00497,10.155.14.241,,10.155.14.224/27,,10.155.14.192/26,
00498,00498,10.155.14.242,,10.155.14.224/27,,10.155.14.192/26,
00499,00499,10.155.14.243,,10.155.14.224/27,,10.155.14.192/26,
00500,00500,10.155.14.244,,10.155.14.224/27,,10.155.14.192/26,
00501,00501,10.155.14.245,,10.155.14.224/27,,10.155.14.192/26,
00502,00502,10.155.14.246,,10.155.14.224/27,,10.155.14.192/26,
00503,00503,10.155.14.247,,10.155.14.224/27,,10.155.14.192/26,
00504,00504,10.155.14.248,,10.155.14.224/27,,10.155.14.192/26,
00505,00505,10.155.14.249,,10.155.14.224/27,,10.155.14.192/26,
00506,00506,10.155.14.250,,10.155.14.224/27,,10.155.14.192/26,
00507,00507,10.155.14.251,,10.155.14.224/27,,10.155.14.192/26,
00508,00508,10.155.14.252,,10.155.14.224/27,,10.155.14.192/26,
00509,00509,10.155.14.253,,10.155.14.224/27,,10.155.14.192/26,
00510,00510,10.155.14.254,,10.155.14.224/27,,10.155.14.192/26,
00511,00511,10.155.14.255,,10.155.14.224/27,,10.155.14.192/26,
00512,00512,10.155.15.0,,10.155.15.0/27,,10.155.15.0/26,
00513,00513,10.155.15.1,,10.155.15.0/27,,10.155.15.0/26,
00514,00514,10.155.15.2,,10.155.15.0/27,,10.155.15.0/26,
00515,00515,10.155.15.3,,10.155.15.0/27,,10.155.15.0/26,
00516,00516,10.155.15.4,,10.155.15.0/27,,10.155.15.0/26,
00517,00517,10.155.15.5,,10.155.15.0/27,,10.155.15.0/26,
00518,00518,10.155.15.6,,10.155.15.0/27,,10.155.15.0/26,
00519,00519,10.155.15.7,,10.155.15.0/27,,10.155.15.0/26,
00520,00520,10.155.15.8,,10.155.15.0/27,,10.155.15.0/26,
00521,00521,10.155.15.9,,10.155.15.0/27,,10.155.15.0/26,
00522,00522,10.155.15.10,,10.155.15.0/27,,10.155.15.0/26,
00523,00523,10.155.15.11,,10.155.15.0/27,,10.155.15.0/26,
00524,00524,10.155.15.12,,10.155.15.0/27,,10.155.15.0/26,
00525,00525,10.155.15.13,,10.155.15.0/27,,10.155.15.0/26,
00526,00526,10.155.15.14,,10.155.15.0/27,,10.155.15.0/26,
00527,00527,10.155.15.15,,10.155.15.0/27,,10.155.15.0/26,
00528,00528,10.155.15.16,,10.155.15.0/27,,10.155.15.0/26,
00529,00529,10.155.15.17,,10.155.15.0/27,,10.155.15.0/26,
00530,00530,10.155.15.18,,10.155.15.0/27,,10.155.15.0/26,
00531,00531,10.155.15.19,,10.155.15.0/27,,10.155.15.0/26,
00532,00532,10.155.15.20,,10.155.15.0/27,,10.155.15.0/26,
00533,00533,10.155.15.21,,10.155.15.0/27,,10.155.15.0/26,
00534,00534,10.155.15.22,,10.155.15.0/27,,10.155.15.0/26,
00535,00535,10.155.15.23,,10.155.15.0/27,,10.155.15.0/26,
00536,00536,10.155.15.24,,10.155.15.0/27,,10.155.15.0/26,
00537,00537,10.155.15.25,,10.155.15.0/27,,10.155.15.0/26,
00538,00538,10.155.15.26,,10.155.15.0/27,,10.155.15.0/26,
00539,00539,10.155.15.27,,10.155.15.0/27,,10.155.15.0/26,
00540,00540,10.155.15.28,,10.155.15.0/27,,10.155.15.0/26,
00541,00541,10.155.15.29,,10.155.15.0/27,,10.155.15.0/26,
00542,00542,10.155.15.30,,10.155.15.0/27,,10.155.15.0/26,
00543,00543,10.155.15.31,,10.155.15.0/27,,10.155.15.0/26,
00544,00544,10.155.15.32,,10.155.15.32/27,,10.155.15.0/26,
00545,00545,10.155.15.33,,10.155.15.32/27,,10.155.15.0/26,
00546,00546,10.155.15.34,,10.155.15.32/27,,10.155.15.0/26,
00547,00547,10.155.15.35,,10.155.15.32/27,,10.155.15.0/26,
00548,00548,10.155.15.36,,10.155.15.32/27,,10.155.15.0/26,
00549,00549,10.155.15.37,,10.155.15.32/27,,10.155.15.0/26,
00550,00550,10.155.15.38,,10.155.15.32/27,,10.155.15.0/26,
00551,00551,10.155.15.39,,10.155.15.32/27,,10.155.15.0/26,
00552,00552,10.155.15.40,,10.155.15.32/27,,10.155.15.0/26,
00553,00553,10.155.15.41,,10.155.15.32/27,,10.155.15.0/26,
00554,00554,10.155.15.42,,10.155.15.32/27,,10.155.15.0/26,
00555,00555,10.155.15.43,,10.155.15.32/27,,10.155.15.0/26,
00556,00556,10.155.15.44,,10.155.15.32/27,,10.155.15.0/26,
00557,00557,10.155.15.45,,10.155.15.32/27,,10.155.15.0/26,
00558,00558,10.155.15.46,,10.155.15.32/27,,10.155.15.0/26,
00559,00559,10.155.15.47,,10.155.15.32/27,,10.155.15.0/26,
00560,00560,10.155.15.48,,10.155.15.32/27,,10.155.15.0/26,
00561,00561,10.155.15.49,,10.155.15.32/27,,10.155.15.0/26,
00562,00562,10.155.15.50,,10.155.15.32/27,,10.155.15.0/26,
00563,00563,10.155.15.51,,10.155.15.32/27,,10.155.15.0/26,
00564,00564,10.155.15.52,,10.155.15.32/27,,10.155.15.0/26,
00565,00565,10.155.15.53,,10.155.15.32/27,,10.155.15.0/26,
00566,00566,10.155.15.54,,10.155.15.32/27,,10.155.15.0/26,
00567,00567,10.155.15.55,,10.155.15.32/27,,10.155.15.0/26,
00568,00568,10.155.15.56,,10.155.15.32/27,,10.155.15.0/26,
00569,00569,10.155.15.57,,10.155.15.32/27,,10.155.15.0/26,
00570,00570,10.155.15.58,,10.155.15.32/27,,10.155.15.0/26,
00571,00571,10.155.15.59,,10.155.15.32/27,,10.155.15.0/26,
00572,00572,10.155.15.60,,10.155.15.32/27,,10.155.15.0/26,
00573,00573,10.155.15.61,,10.155.15.32/27,,10.155.15.0/26,
00574,00574,10.155.15.62,,10.155.15.32/27,,10.155.15.0/26,
00575,00575,10.155.15.63,,10.155.15.32/27,,10.155.15.0/26,
00576,00576,10.155.15.64,,10.155.15.64/27,,10.155.15.64/26,
00577,00577,10.155.15.65,,10.155.15.64/27,,10.155.15.64/26,
00578,00578,10.155.15.66,,10.155.15.64/27,,10.155.15.64/26,
00579,00579,10.155.15.67,,10.155.15.64/27,,10.155.15.64/26,
00580,00580,10.155.15.68,,10.155.15.64/27,,10.155.15.64/26,
00581,00581,10.155.15.69,,10.155.15.64/27,,10.155.15.64/26,
00582,00582,10.155.15.70,,10.155.15.64/27,,10.155.15.64/26,
00583,00583,10.155.15.71,,10.155.15.64/27,,10.155.15.64/26,
00584,00584,10.155.15.72,,10.155.15.64/27,,10.155.15.64/26,
00585,00585,10.155.15.73,,10.155.15.64/27,,10.155.15.64/26,
00586,00586,10.155.15.74,,10.155.15.64/27,,10.155.15.64/26,
00587,00587,10.155.15.75,,10.155.15.64/27,,10.155.15.64/26,
00588,00588,10.155.15.76,,10.155.15.64/27,,10.155.15.64/26,
00589,00589,10.155.15.77,,10.155.15.64/27,,10.155.15.64/26,
00590,00590,10.155.15.78,,10.155.15.64/27,,10.155.15.64/26,
00591,00591,10.155.15.79,,10.155.15.64/27,,10.155.15.64/26,
00592,00592,10.155.15.80,,10.155.15.64/27,,10.155.15.64/26,
00593,00593,10.155.15.81,,10.155.15.64/27,,10.155.15.64/26,
00594,00594,10.155.15.82,,10.155.15.64/27,,10.155.15.64/26,
00595,00595,10.155.15.83,,10.155.15.64/27,,10.155.15.64/26,
00596,00596,10.155.15.84,,10.155.15.64/27,,10.155.15.64/26,
00597,00597,10.155.15.85,,10.155.15.64/27,,10.155.15.64/26,
00598,00598,10.155.15.86,,10.155.15.64/27,,10.155.15.64/26,
00599,00599,10.155.15.87,,10.155.15.64/27,,10.155.15.64/26,
00600,00600,10.155.15.88,,10.155.15.64/27,,10.155.15.64/26,
00601,00601,10.155.15.89,,10.155.15.64/27,,10.155.15.64/26,
00602,00602,10.155.15.90,,10.155.15.64/27,,10.155.15.64/26,
00603,00603,10.155.15.91,,10.155.15.64/27,,10.155.15.64/26,
00604,00604,10.155.15.92,,10.155.15.64/27,,10.155.15.64/26,
00605,00605,10.155.15.93,,10.155.15.64/27,,10.155.15.64/26,
00606,00606,10.155.15.94,,10.155.15.64/27,,10.155.15.64/26,
00607,00607,10.155.15.95,,10.155.15.64/27,,10.155.15.64/26,
00608,00608,10.155.15.96,,10.155.15.96/27,,10.155.15.64/26,
00609,00609,10.155.15.97,,10.155.15.96/27,,10.155.15.64/26,
00610,00610,10.155.15.98,,10.155.15.96/27,,10.155.15.64/26,
00611,00611,10.155.15.99,,10.155.15.96/27,,10.155.15.64/26,
00612,00612,10.155.15.100,,10.155.15.96/27,,10.155.15.64/26,
00613,00613,10.155.15.101,,10.155.15.96/27,,10.155.15.64/26,
00614,00614,10.155.15.102,,10.155.15.96/27,,10.155.15.64/26,
00615,00615,10.155.15.103,,10.155.15.96/27,,10.155.15.64/26,
00616,00616,10.155.15.104,,10.155.15.96/27,,10.155.15.64/26,
00617,00617,10.155.15.105,,10.155.15.96/27,,10.155.15.64/26,
00618,00618,10.155.15.106,,10.155.15.96/27,,10.155.15.64/26,
00619,00619,10.155.15.107,,10.155.15.96/27,,10.155.15.64/26,
00620,00620,10.155.15.108,,10.155.15.96/27,,10.155.15.64/26,
00621,00621,10.155.15.109,,10.155.15.96/27,,10.155.15.64/26,
00622,00622,10.155.15.110,,10.155.15.96/27,,10.155.15.64/26,
00623,00623,10.155.15.111,,10.155.15.96/27,,10.155.15.64/26,
00624,00624,10.155.15.112,,10.155.15.96/27,,10.155.15.64/26,
00625,00625,10.155.15.113,,10.155.15.96/27,,10.155.15.64/26,
00626,00626,10.155.15.114,,10.155.15.96/27,,10.155.15.64/26,
00627,00627,10.155.15.115,,10.155.15.96/27,,10.155.15.64/26,
00628,00628,10.155.15.116,,10.155.15.96/27,,10.155.15.64/26,
00629,00629,10.155.15.117,,10.155.15.96/27,,10.155.15.64/26,
00630,00630,10.155.15.118,,10.155.15.96/27,,10.155.15.64/26,
00631,00631,10.155.15.119,,10.155.15.96/27,,10.155.15.64/26,
00632,00632,10.155.15.120,,10.155.15.96/27,,10.155.15.64/26,
00633,00633,10.155.15.121,,10.155.15.96/27,,10.155.15.64/26,
00634,00634,10.155.15.122,,10.155.15.96/27,,10.155.15.64/26,
00635,00635,10.155.15.123,,10.155.15.96/27,,10.155.15.64/26,
00636,00636,10.155.15.124,,10.155.15.96/27,,10.155.15.64/26,
00637,00637,10.155.15.125,,10.155.15.96/27,,10.155.15.64/26,
00638,00638,10.155.15.126,,10.155.15.96/27,,10.155.15.64/26,
00639,00639,10.155.15.127,,10.155.15.96/27,,10.155.15.64/26,
00640,00640,10.155.15.128,,10.155.15.128/27,,10.155.15.128/26,
00641,00641,10.155.15.129,,10.155.15.128/27,,10.155.15.128/26,
00642,00642,10.155.15.130,,10.155.15.128/27,,10.155.15.128/26,
00643,00643,10.155.15.131,,10.155.15.128/27,,10.155.15.128/26,
00644,00644,10.155.15.132,,10.155.15.128/27,,10.155.15.128/26,
00645,00645,10.155.15.133,,10.155.15.128/27,,10.155.15.128/26,
00646,00646,10.155.15.134,,10.155.15.128/27,,10.155.15.128/26,
00647,00647,10.155.15.135,,10.155.15.128/27,,10.155.15.128/26,
00648,00648,10.155.15.136,,10.155.15.128/27,,10.155.15.128/26,
00649,00649,10.155.15.137,,10.155.15.128/27,,10.155.15.128/26,
00650,00650,10.155.15.138,,10.155.15.128/27,,10.155.15.128/26,
00651,00651,10.155.15.139,,10.155.15.128/27,,10.155.15.128/26,
00652,00652,10.155.15.140,,10.155.15.128/27,,10.155.15.128/26,
00653,00653,10.155.15.141,,10.155.15.128/27,,10.155.15.128/26,
00654,00654,10.155.15.142,,10.155.15.128/27,,10.155.15.128/26,
00655,00655,10.155.15.143,,10.155.15.128/27,,10.155.15.128/26,
00656,00656,10.155.15.144,,10.155.15.128/27,,10.155.15.128/26,
00657,00657,10.155.15.145,,10.155.15.128/27,,10.155.15.128/26,
00658,00658,10.155.15.146,,10.155.15.128/27,,10.155.15.128/26,
00659,00659,10.155.15.147,,10.155.15.128/27,,10.155.15.128/26,
00660,00660,10.155.15.148,,10.155.15.128/27,,10.155.15.128/26,
00661,00661,10.155.15.149,,10.155.15.128/27,,10.155.15.128/26,
00662,00662,10.155.15.150,,10.155.15.128/27,,10.155.15.128/26,
00663,00663,10.155.15.151,,10.155.15.128/27,,10.155.15.128/26,
00664,00664,10.155.15.152,,10.155.15.128/27,,10.155.15.128/26,
00665,00665,10.155.15.153,,10.155.15.128/27,,10.155.15.128/26,
00666,00666,10.155.15.154,,10.155.15.128/27,,10.155.15.128/26,
00667,00667,10.155.15.155,,10.155.15.128/27,,10.155.15.128/26,
00668,00668,10.155.15.156,,10.155.15.128/27,,10.155.15.128/26,
00669,00669,10.155.15.157,,10.155.15.128/27,,10.155.15.128/26,
00670,00670,10.155.15.158,,10.155.15.128/27,,10.155.15.128/26,
00671,00671,10.155.15.159,,10.155.15.128/27,,10.155.15.128/26,
00672,00672,10.155.15.160,,10.155.15.160/27,,10.155.15.128/26,
00673,00673,10.155.15.161,,10.155.15.160/27,,10.155.15.128/26,
00674,00674,10.155.15.162,,10.155.15.160/27,,10.155.15.128/26,
00675,00675,10.155.15.163,,10.155.15.160/27,,10.155.15.128/26,
00676,00676,10.155.15.164,,10.155.15.160/27,,10.155.15.128/26,
00677,00677,10.155.15.165,,10.155.15.160/27,,10.155.15.128/26,
00678,00678,10.155.15.166,,10.155.15.160/27,,10.155.15.128/26,
00679,00679,10.155.15.167,,10.155.15.160/27,,10.155.15.128/26,
00680,00680,10.155.15.168,,10.155.15.160/27,,10.155.15.128/26,
00681,00681,10.155.15.169,,10.155.15.160/27,,10.155.15.128/26,
00682,00682,10.155.15.170,,10.155.15.160/27,,10.155.15.128/26,
00683,00683,10.155.15.171,,10.155.15.160/27,,10.155.15.128/26,
00684,00684,10.155.15.172,,10.155.15.160/27,,10.155.15.128/26,
00685,00685,10.155.15.173,,10.155.15.160/27,,10.155.15.128/26,
00686,00686,10.155.15.174,,10.155.15.160/27,,10.155.15.128/26,
00687,00687,10.155.15.175,,10.155.15.160/27,,10.155.15.128/26,
00688,00688,10.155.15.176,,10.155.15.160/27,,10.155.15.128/26,
00689,00689,10.155.15.177,,10.155.15.160/27,,10.155.15.128/26,
00690,00690,10.155.15.178,,10.155.15.160/27,,10.155.15.128/26,
00691,00691,10.155.15.179,,10.155.15.160/27,,10.155.15.128/26,
00692,00692,10.155.15.180,,10.155.15.160/27,,10.155.15.128/26,
00693,00693,10.155.15.181,,10.155.15.160/27,,10.155.15.128/26,
00694,00694,10.155.15.182,,10.155.15.160/27,,10.155.15.128/26,
00695,00695,10.155.15.183,,10.155.15.160/27,,10.155.15.128/26,
00696,00696,10.155.15.184,,10.155.15.160/27,,10.155.15.128/26,
00697,00697,10.155.15.185,,10.155.15.160/27,,10.155.15.128/26,
00698,00698,10.155.15.186,,10.155.15.160/27,,10.155.15.128/26,
00699,00699,10.155.15.187,,10.155.15.160/27,,10.155.15.128/26,
00700,00700,10.155.15.188,,10.155.15.160/27,,10.155.15.128/26,
00701,00701,10.155.15.189,,10.155.15.160/27,,10.155.15.128/26,
00702,00702,10.155.15.190,,10.155.15.160/27,,10.155.15.128/26,
00703,00703,10.155.15.191,,10.155.15.160/27,,10.155.15.128/26,
00704,00704,10.155.15.192,,10.155.15.192/27,,10.155.15.192/26,
00705,00705,10.155.15.193,,10.155.15.192/27,,10.155.15.192/26,
00706,00706,10.155.15.194,,10.155.15.192/27,,10.155.15.192/26,
00707,00707,10.155.15.195,,10.155.15.192/27,,10.155.15.192/26,
00708,00708,10.155.15.196,,10.155.15.192/27,,10.155.15.192/26,
00709,00709,10.155.15.197,,10.155.15.192/27,,10.155.15.192/26,
00710,00710,10.155.15.198,,10.155.15.192/27,,10.155.15.192/26,
00711,00711,10.155.15.199,,10.155.15.192/27,,10.155.15.192/26,
00712,00712,10.155.15.200,,10.155.15.192/27,,10.155.15.192/26,
00713,00713,10.155.15.201,,10.155.15.192/27,,10.155.15.192/26,
00714,00714,10.155.15.202,,10.155.15.192/27,,10.155.15.192/26,
00715,00715,10.155.15.203,,10.155.15.192/27,,10.155.15.192/26,
00716,00716,10.155.15.204,,10.155.15.192/27,,10.155.15.192/26,
00717,00717,10.155.15.205,,10.155.15.192/27,,10.155.15.192/26,
00718,00718,10.155.15.206,,10.155.15.192/27,,10.155.15.192/26,
00719,00719,10.155.15.207,,10.155.15.192/27,,10.155.15.192/26,
00720,00720,10.155.15.208,,10.155.15.192/27,,10.155.15.192/26,
00721,00721,10.155.15.209,,10.155.15.192/27,,10.155.15.192/26,
00722,00722,10.155.15.210,,10.155.15.192/27,,10.155.15.192/26,
00723,00723,10.155.15.211,,10.155.15.192/27,,10.155.15.192/26,
00724,00724,10.155.15.212,,10.155.15.192/27,,10.155.15.192/26,
00725,00725,10.155.15.213,,10.155.15.192/27,,10.155.15.192/26,
00726,00726,10.155.15.214,,10.155.15.192/27,,10.155.15.192/26,
00727,00727,10.155.15.215,,10.155.15.192/27,,10.155.15.192/26,
00728,00728,10.155.15.216,,10.155.15.192/27,,10.155.15.192/26,
00729,00729,10.155.15.217,,10.155.15.192/27,,10.155.15.192/26,
00730,00730,10.155.15.218,,10.155.15.192/27,,10.155.15.192/26,
00731,00731,10.155.15.219,,10.155.15.192/27,,10.155.15.192/26,
00732,00732,10.155.15.220,,10.155.15.192/27,,10.155.15.192/26,
00733,00733,10.155.15.221,,10.155.15.192/27,,10.155.15.192/26,
00734,00734,10.155.15.222,,10.155.15.192/27,,10.155.15.192/26,
00735,00735,10.155.15.223,,10.155.15.192/27,,10.155.15.192/26,
00736,00736,10.155.15.224,,10.155.15.224/27,,10.155.15.192/26,
00737,00737,10.155.15.225,,10.155.15.224/27,,10.155.15.192/26,
00738,00738,10.155.15.226,,10.155.15.224/27,,10.155.15.192/26,
00739,00739,10.155.15.227,,10.155.15.224/27,,10.155.15.192/26,
00740,00740,10.155.15.228,,10.155.15.224/27,,10.155.15.192/26,
00741,00741,10.155.15.229,,10.155.15.224/27,,10.155.15.192/26,
00742,00742,10.155.15.230,,10.155.15.224/27,,10.155.15.192/26,
00743,00743,10.155.15.231,,10.155.15.224/27,,10.155.15.192/26,
00744,00744,10.155.15.232,,10.155.15.224/27,,10.155.15.192/26,
00745,00745,10.155.15.233,,10.155.15.224/27,,10.155.15.192/26,
00746,00746,10.155.15.234,,10.155.15.224/27,,10.155.15.192/26,
00747,00747,10.155.15.235,,10.155.15.224/27,,10.155.15.192/26,
00748,00748,10.155.15.236,,10.155.15.224/27,,10.155.15.192/26,
00749,00749,10.155.15.237,,10.155.15.224/27,,10.155.15.192/26,
00750,00750,10.155.15.238,,10.155.15.224/27,,10.155.15.192/26,
00751,00751,10.155.15.239,,10.155.15.224/27,,10.155.15.192/26,
00752,00752,10.155.15.240,,10.155.15.224/27,,10.155.15.192/26,
00753,00753,10.155.15.241,,10.155.15.224/27,,10.155.15.192/26,
00754,00754,10.155.15.242,,10.155.15.224/27,,10.155.15.192/26,
00755,00755,10.155.15.243,,10.155.15.224/27,,10.155.15.192/26,
00756,00756,10.155.15.244,,10.155.15.224/27,,10.155.15.192/26,
00757,00757,10.155.15.245,,10.155.15.224/27,,10.155.15.192/26,
00758,00758,10.155.15.246,,10.155.15.224/27,,10.155.15.192/26,
00759,00759,10.155.15.247,,10.155.15.224/27,,10.155.15.192/26,
00760,00760,10.155.15.248,,10.155.15.224/27,,10.155.15.192/26,
00761,00761,10.155.15.249,,10.155.15.224/27,,10.155.15.192/26,
00762,00762,10.155.15.250,,10.155.15.224/27,,10.155.15.192/26,
00763,00763,10.155.15.251,,10.155.15.224/27,,10.155.15.192/26,
00764,00764,10.155.15.252,,10.155.15.224/27,,10.155.15.192/26,
00765,00765,10.155.15.253,,10.155.15.224/27,,10.155.15.192/26,
00766,00766,10.155.15.254,,10.155.15.224/27,,10.155.15.192/26,
00767,00767,10.155.15.255,,10.155.15.224/27,,10.155.15.192/26,
00768,00768,10.155.16.0,,10.155.16.0/27,,10.155.16.0/26,
00769,00769,10.155.16.1,,10.155.16.0/27,,10.155.16.0/26,
00770,00770,10.155.16.2,,10.155.16.0/27,,10.155.16.0/26,
00771,00771,10.155.16.3,,10.155.16.0/27,,10.155.16.0/26,
00772,00772,10.155.16.4,,10.155.16.0/27,,10.155.16.0/26,
00773,00773,10.155.16.5,,10.155.16.0/27,,10.155.16.0/26,
00774,00774,10.155.16.6,,10.155.16.0/27,,10.155.16.0/26,
00775,00775,10.155.16.7,,10.155.16.0/27,,10.155.16.0/26,
00776,00776,10.155.16.8,,10.155.16.0/27,,10.155.16.0/26,
00777,00777,10.155.16.9,,10.155.16.0/27,,10.155.16.0/26,
00778,00778,10.155.16.10,,10.155.16.0/27,,10.155.16.0/26,
00779,00779,10.155.16.11,,10.155.16.0/27,,10.155.16.0/26,
00780,00780,10.155.16.12,,10.155.16.0/27,,10.155.16.0/26,
00781,00781,10.155.16.13,,10.155.16.0/27,,10.155.16.0/26,
00782,00782,10.155.16.14,,10.155.16.0/27,,10.155.16.0/26,
00783,00783,10.155.16.15,,10.155.16.0/27,,10.155.16.0/26,
00784,00784,10.155.16.16,,10.155.16.0/27,,10.155.16.0/26,
00785,00785,10.155.16.17,,10.155.16.0/27,,10.155.16.0/26,
00786,00786,10.155.16.18,,10.155.16.0/27,,10.155.16.0/26,
00787,00787,10.155.16.19,,10.155.16.0/27,,10.155.16.0/26,
00788,00788,10.155.16.20,,10.155.16.0/27,,10.155.16.0/26,
00789,00789,10.155.16.21,,10.155.16.0/27,,10.155.16.0/26,
00790,00790,10.155.16.22,,10.155.16.0/27,,10.155.16.0/26,
00791,00791,10.155.16.23,,10.155.16.0/27,,10.155.16.0/26,
00792,00792,10.155.16.24,,10.155.16.0/27,,10.155.16.0/26,
00793,00793,10.155.16.25,,10.155.16.0/27,,10.155.16.0/26,
00794,00794,10.155.16.26,,10.155.16.0/27,,10.155.16.0/26,
00795,00795,10.155.16.27,,10.155.16.0/27,,10.155.16.0/26,
00796,00796,10.155.16.28,,10.155.16.0/27,,10.155.16.0/26,
00797,00797,10.155.16.29,,10.155.16.0/27,,10.155.16.0/26,
00798,00798,10.155.16.30,,10.155.16.0/27,,10.155.16.0/26,
00799,00799,10.155.16.31,,10.155.16.0/27,,10.155.16.0/26,
00800,00800,10.155.16.32,,10.155.16.32/27,,10.155.16.0/26,
00801,00801,10.155.16.33,,10.155.16.32/27,,10.155.16.0/26,
00802,00802,10.155.16.34,,10.155.16.32/27,,10.155.16.0/26,
00803,00803,10.155.16.35,,10.155.16.32/27,,10.155.16.0/26,
00804,00804,10.155.16.36,,10.155.16.32/27,,10.155.16.0/26,
00805,00805,10.155.16.37,,10.155.16.32/27,,10.155.16.0/26,
00806,00806,10.155.16.38,,10.155.16.32/27,,10.155.16.0/26,
00807,00807,10.155.16.39,,10.155.16.32/27,,10.155.16.0/26,
00808,00808,10.155.16.40,,10.155.16.32/27,,10.155.16.0/26,
00809,00809,10.155.16.41,,10.155.16.32/27,,10.155.16.0/26,
00810,00810,10.155.16.42,,10.155.16.32/27,,10.155.16.0/26,
00811,00811,10.155.16.43,,10.155.16.32/27,,10.155.16.0/26,
00812,00812,10.155.16.44,,10.155.16.32/27,,10.155.16.0/26,
00813,00813,10.155.16.45,,10.155.16.32/27,,10.155.16.0/26,
00814,00814,10.155.16.46,,10.155.16.32/27,,10.155.16.0/26,
00815,00815,10.155.16.47,,10.155.16.32/27,,10.155.16.0/26,
00816,00816,10.155.16.48,,10.155.16.32/27,,10.155.16.0/26,
00817,00817,10.155.16.49,,10.155.16.32/27,,10.155.16.0/26,
00818,00818,10.155.16.50,,10.155.16.32/27,,10.155.16.0/26,
00819,00819,10.155.16.51,,10.155.16.32/27,,10.155.16.0/26,
00820,00820,10.155.16.52,,10.155.16.32/27,,10.155.16.0/26,
00821,00821,10.155.16.53,,10.155.16.32/27,,10.155.16.0/26,
00822,00822,10.155.16.54,,10.155.16.32/27,,10.155.16.0/26,
00823,00823,10.155.16.55,,10.155.16.32/27,,10.155.16.0/26,
00824,00824,10.155.16.56,,10.155.16.32/27,,10.155.16.0/26,
00825,00825,10.155.16.57,,10.155.16.32/27,,10.155.16.0/26,
00826,00826,10.155.16.58,,10.155.16.32/27,,10.155.16.0/26,
00827,00827,10.155.16.59,,10.155.16.32/27,,10.155.16.0/26,
00828,00828,10.155.16.60,,10.155.16.32/27,,10.155.16.0/26,
00829,00829,10.155.16.61,,10.155.16.32/27,,10.155.16.0/26,
00830,00830,10.155.16.62,,10.155.16.32/27,,10.155.16.0/26,
00831,00831,10.155.16.63,,10.155.16.32/27,,10.155.16.0/26,
00832,00832,10.155.16.64,,10.155.16.64/27,,10.155.16.64/26,
00833,00833,10.155.16.65,,10.155.16.64/27,,10.155.16.64/26,
00834,00834,10.155.16.66,,10.155.16.64/27,,10.155.16.64/26,
00835,00835,10.155.16.67,,10.155.16.64/27,,10.155.16.64/26,
00836,00836,10.155.16.68,,10.155.16.64/27,,10.155.16.64/26,
00837,00837,10.155.16.69,,10.155.16.64/27,,10.155.16.64/26,
00838,00838,10.155.16.70,,10.155.16.64/27,,10.155.16.64/26,
00839,00839,10.155.16.71,,10.155.16.64/27,,10.155.16.64/26,
00840,00840,10.155.16.72,,10.155.16.64/27,,10.155.16.64/26,
00841,00841,10.155.16.73,,10.155.16.64/27,,10.155.16.64/26,
00842,00842,10.155.16.74,,10.155.16.64/27,,10.155.16.64/26,
00843,00843,10.155.16.75,,10.155.16.64/27,,10.155.16.64/26,
00844,00844,10.155.16.76,,10.155.16.64/27,,10.155.16.64/26,
00845,00845,10.155.16.77,,10.155.16.64/27,,10.155.16.64/26,
00846,00846,10.155.16.78,,10.155.16.64/27,,10.155.16.64/26,
00847,00847,10.155.16.79,,10.155.16.64/27,,10.155.16.64/26,
00848,00848,10.155.16.80,,10.155.16.64/27,,10.155.16.64/26,
00849,00849,10.155.16.81,,10.155.16.64/27,,10.155.16.64/26,
00850,00850,10.155.16.82,,10.155.16.64/27,,10.155.16.64/26,
00851,00851,10.155.16.83,,10.155.16.64/27,,10.155.16.64/26,
00852,00852,10.155.16.84,,10.155.16.64/27,,10.155.16.64/26,
00853,00853,10.155.16.85,,10.155.16.64/27,,10.155.16.64/26,
00854,00854,10.155.16.86,,10.155.16.64/27,,10.155.16.64/26,
00855,00855,10.155.16.87,,10.155.16.64/27,,10.155.16.64/26,
00856,00856,10.155.16.88,,10.155.16.64/27,,10.155.16.64/26,
00857,00857,10.155.16.89,,10.155.16.64/27,,10.155.16.64/26,
00858,00858,10.155.16.90,,10.155.16.64/27,,10.155.16.64/26,
00859,00859,10.155.16.91,,10.155.16.64/27,,10.155.16.64/26,
00860,00860,10.155.16.92,,10.155.16.64/27,,10.155.16.64/26,
00861,00861,10.155.16.93,,10.155.16.64/27,,10.155.16.64/26,
00862,00862,10.155.16.94,,10.155.16.64/27,,10.155.16.64/26,
00863,00863,10.155.16.95,,10.155.16.64/27,,10.155.16.64/26,
00864,00864,10.155.16.96,,10.155.16.96/27,,10.155.16.64/26,
00865,00865,10.155.16.97,,10.155.16.96/27,,10.155.16.64/26,
00866,00866,10.155.16.98,,10.155.16.96/27,,10.155.16.64/26,
00867,00867,10.155.16.99,,10.155.16.96/27,,10.155.16.64/26,
00868,00868,10.155.16.100,,10.155.16.96/27,,10.155.16.64/26,
00869,00869,10.155.16.101,,10.155.16.96/27,,10.155.16.64/26,
00870,00870,10.155.16.102,,10.155.16.96/27,,10.155.16.64/26,
00871,00871,10.155.16.103,,10.155.16.96/27,,10.155.16.64/26,
00872,00872,10.155.16.104,,10.155.16.96/27,,10.155.16.64/26,
00873,00873,10.155.16.105,,10.155.16.96/27,,10.155.16.64/26,
00874,00874,10.155.16.106,,10.155.16.96/27,,10.155.16.64/26,
00875,00875,10.155.16.107,,10.155.16.96/27,,10.155.16.64/26,
00876,00876,10.155.16.108,,10.155.16.96/27,,10.155.16.64/26,
00877,00877,10.155.16.109,,10.155.16.96/27,,10.155.16.64/26,
00878,00878,10.155.16.110,,10.155.16.96/27,,10.155.16.64/26,
00879,00879,10.155.16.111,,10.155.16.96/27,,10.155.16.64/26,
00880,00880,10.155.16.112,,10.155.16.96/27,,10.155.16.64/26,
00881,00881,10.155.16.113,,10.155.16.96/27,,10.155.16.64/26,
00882,00882,10.155.16.114,,10.155.16.96/27,,10.155.16.64/26,
00883,00883,10.155.16.115,,10.155.16.96/27,,10.155.16.64/26,
00884,00884,10.155.16.116,,10.155.16.96/27,,10.155.16.64/26,
00885,00885,10.155.16.117,,10.155.16.96/27,,10.155.16.64/26,
00886,00886,10.155.16.118,,10.155.16.96/27,,10.155.16.64/26,
00887,00887,10.155.16.119,,10.155.16.96/27,,10.155.16.64/26,
00888,00888,10.155.16.120,,10.155.16.96/27,,10.155.16.64/26,
00889,00889,10.155.16.121,,10.155.16.96/27,,10.155.16.64/26,
00890,00890,10.155.16.122,,10.155.16.96/27,,10.155.16.64/26,
00891,00891,10.155.16.123,,10.155.16.96/27,,10.155.16.64/26,
00892,00892,10.155.16.124,,10.155.16.96/27,,10.155.16.64/26,
00893,00893,10.155.16.125,,10.155.16.96/27,,10.155.16.64/26,
00894,00894,10.155.16.126,,10.155.16.96/27,,10.155.16.64/26,
00895,00895,10.155.16.127,,10.155.16.96/27,,10.155.16.64/26,
00896,00896,10.155.16.128,,10.155.16.128/27,,10.155.16.128/26,
00897,00897,10.155.16.129,,10.155.16.128/27,,10.155.16.128/26,
00898,00898,10.155.16.130,,10.155.16.128/27,,10.155.16.128/26,
00899,00899,10.155.16.131,,10.155.16.128/27,,10.155.16.128/26,
00900,00900,10.155.16.132,,10.155.16.128/27,,10.155.16.128/26,
00901,00901,10.155.16.133,,10.155.16.128/27,,10.155.16.128/26,
00902,00902,10.155.16.134,,10.155.16.128/27,,10.155.16.128/26,
00903,00903,10.155.16.135,,10.155.16.128/27,,10.155.16.128/26,
00904,00904,10.155.16.136,,10.155.16.128/27,,10.155.16.128/26,
00905,00905,10.155.16.137,,10.155.16.128/27,,10.155.16.128/26,
00906,00906,10.155.16.138,,10.155.16.128/27,,10.155.16.128/26,
00907,00907,10.155.16.139,,10.155.16.128/27,,10.155.16.128/26,
00908,00908,10.155.16.140,,10.155.16.128/27,,10.155.16.128/26,
00909,00909,10.155.16.141,,10.155.16.128/27,,10.155.16.128/26,
00910,00910,10.155.16.142,,10.155.16.128/27,,10.155.16.128/26,
00911,00911,10.155.16.143,,10.155.16.128/27,,10.155.16.128/26,
00912,00912,10.155.16.144,,10.155.16.128/27,,10.155.16.128/26,
00913,00913,10.155.16.145,,10.155.16.128/27,,10.155.16.128/26,
00914,00914,10.155.16.146,,10.155.16.128/27,,10.155.16.128/26,
00915,00915,10.155.16.147,,10.155.16.128/27,,10.155.16.128/26,
00916,00916,10.155.16.148,,10.155.16.128/27,,10.155.16.128/26,
00917,00917,10.155.16.149,,10.155.16.128/27,,10.155.16.128/26,
00918,00918,10.155.16.150,,10.155.16.128/27,,10.155.16.128/26,
00919,00919,10.155.16.151,,10.155.16.128/27,,10.155.16.128/26,
00920,00920,10.155.16.152,,10.155.16.128/27,,10.155.16.128/26,
00921,00921,10.155.16.153,,10.155.16.128/27,,10.155.16.128/26,
00922,00922,10.155.16.154,,10.155.16.128/27,,10.155.16.128/26,
00923,00923,10.155.16.155,,10.155.16.128/27,,10.155.16.128/26,
00924,00924,10.155.16.156,,10.155.16.128/27,,10.155.16.128/26,
00925,00925,10.155.16.157,,10.155.16.128/27,,10.155.16.128/26,
00926,00926,10.155.16.158,,10.155.16.128/27,,10.155.16.128/26,
00927,00927,10.155.16.159,,10.155.16.128/27,,10.155.16.128/26,
00928,00928,10.155.16.160,,10.155.16.160/27,,10.155.16.128/26,
00929,00929,10.155.16.161,,10.155.16.160/27,,10.155.16.128/26,
00930,00930,10.155.16.162,,10.155.16.160/27,,10.155.16.128/26,
00931,00931,10.155.16.163,,10.155.16.160/27,,10.155.16.128/26,
00932,00932,10.155.16.164,,10.155.16.160/27,,10.155.16.128/26,
00933,00933,10.155.16.165,,10.155.16.160/27,,10.155.16.128/26,
00934,00934,10.155.16.166,,10.155.16.160/27,,10.155.16.128/26,
00935,00935,10.155.16.167,,10.155.16.160/27,,10.155.16.128/26,
00936,00936,10.155.16.168,,10.155.16.160/27,,10.155.16.128/26,
00937,00937,10.155.16.169,,10.155.16.160/27,,10.155.16.128/26,
00938,00938,10.155.16.170,,10.155.16.160/27,,10.155.16.128/26,
00939,00939,10.155.16.171,,10.155.16.160/27,,10.155.16.128/26,
00940,00940,10.155.16.172,,10.155.16.160/27,,10.155.16.128/26,
00941,00941,10.155.16.173,,10.155.16.160/27,,10.155.16.128/26,
00942,00942,10.155.16.174,,10.155.16.160/27,,10.155.16.128/26,
00943,00943,10.155.16.175,,10.155.16.160/27,,10.155.16.128/26,
00944,00944,10.155.16.176,,10.155.16.160/27,,10.155.16.128/26,
00945,00945,10.155.16.177,,10.155.16.160/27,,10.155.16.128/26,
00946,00946,10.155.16.178,,10.155.16.160/27,,10.155.16.128/26,
00947,00947,10.155.16.179,,10.155.16.160/27,,10.155.16.128/26,
00948,00948,10.155.16.180,,10.155.16.160/27,,10.155.16.128/26,
00949,00949,10.155.16.181,,10.155.16.160/27,,10.155.16.128/26,
00950,00950,10.155.16.182,,10.155.16.160/27,,10.155.16.128/26,
00951,00951,10.155.16.183,,10.155.16.160/27,,10.155.16.128/26,
00952,00952,10.155.16.184,,10.155.16.160/27,,10.155.16.128/26,
00953,00953,10.155.16.185,,10.155.16.160/27,,10.155.16.128/26,
00954,00954,10.155.16.186,,10.155.16.160/27,,10.155.16.128/26,
00955,00955,10.155.16.187,,10.155.16.160/27,,10.155.16.128/26,
00956,00956,10.155.16.188,,10.155.16.160/27,,10.155.16.128/26,
00957,00957,10.155.16.189,,10.155.16.160/27,,10.155.16.128/26,
00958,00958,10.155.16.190,,10.155.16.160/27,,10.155.16.128/26,
00959,00959,10.155.16.191,,10.155.16.160/27,,10.155.16.128/26,
00960,00960,10.155.16.192,,10.155.16.192/27,,10.155.16.192/26,
00961,00961,10.155.16.193,,10.155.16.192/27,,10.155.16.192/26,
00962,00962,10.155.16.194,,10.155.16.192/27,,10.155.16.192/26,
00963,00963,10.155.16.195,,10.155.16.192/27,,10.155.16.192/26,
00964,00964,10.155.16.196,,10.155.16.192/27,,10.155.16.192/26,
00965,00965,10.155.16.197,,10.155.16.192/27,,10.155.16.192/26,
00966,00966,10.155.16.198,,10.155.16.192/27,,10.155.16.192/26,
00967,00967,10.155.16.199,,10.155.16.192/27,,10.155.16.192/26,
00968,00968,10.155.16.200,,10.155.16.192/27,,10.155.16.192/26,
00969,00969,10.155.16.201,,10.155.16.192/27,,10.155.16.192/26,
00970,00970,10.155.16.202,,10.155.16.192/27,,10.155.16.192/26,
00971,00971,10.155.16.203,,10.155.16.192/27,,10.155.16.192/26,
00972,00972,10.155.16.204,,10.155.16.192/27,,10.155.16.192/26,
00973,00973,10.155.16.205,,10.155.16.192/27,,10.155.16.192/26,
00974,00974,10.155.16.206,,10.155.16.192/27,,10.155.16.192/26,
00975,00975,10.155.16.207,,10.155.16.192/27,,10.155.16.192/26,
00976,00976,10.155.16.208,,10.155.16.192/27,,10.155.16.192/26,
00977,00977,10.155.16.209,,10.155.16.192/27,,10.155.16.192/26,
00978,00978,10.155.16.210,,10.155.16.192/27,,10.155.16.192/26,
00979,00979,10.155.16.211,,10.155.16.192/27,,10.155.16.192/26,
00980,00980,10.155.16.212,,10.155.16.192/27,,10.155.16.192/26,
00981,00981,10.155.16.213,,10.155.16.192/27,,10.155.16.192/26,
00982,00982,10.155.16.214,,10.155.16.192/27,,10.155.16.192/26,
00983,00983,10.155.16.215,,10.155.16.192/27,,10.155.16.192/26,
00984,00984,10.155.16.216,,10.155.16.192/27,,10.155.16.192/26,
00985,00985,10.155.16.217,,10.155.16.192/27,,10.155.16.192/26,
00986,00986,10.155.16.218,,10.155.16.192/27,,10.155.16.192/26,
00987,00987,10.155.16.219,,10.155.16.192/27,,10.155.16.192/26,
00988,00988,10.155.16.220,,10.155.16.192/27,,10.155.16.192/26,
00989,00989,10.155.16.221,,10.155.16.192/27,,10.155.16.192/26,
00990,00990,10.155.16.222,,10.155.16.192/27,,10.155.16.192/26,
00991,00991,10.155.16.223,,10.155.16.192/27,,10.155.16.192/26,
00992,00992,10.155.16.224,,10.155.16.224/27,,10.155.16.192/26,
00993,00993,10.155.16.225,,10.155.16.224/27,,10.155.16.192/26,
00994,00994,10.155.16.226,,10.155.16.224/27,,10.155.16.192/26,
00995,00995,10.155.16.227,,10.155.16.224/27,,10.155.16.192/26,
00996,00996,10.155.16.228,,10.155.16.224/27,,10.155.16.192/26,
00997,00997,10.155.16.229,,10.155.16.224/27,,10.155.16.192/26,
00998,00998,10.155.16.230,,10.155.16.224/27,,10.155.16.192/26,
00999,00999,10.155.16.231,,10.155.16.224/27,,10.155.16.192/26,
01000,01000,10.155.16.232,,10.155.16.224/27,,10.155.16.192/26,
01001,01001,10.155.16.233,,10.155.16.224/27,,10.155.16.192/26,
01002,01002,10.155.16.234,,10.155.16.224/27,,10.155.16.192/26,
01003,01003,10.155.16.235,,10.155.16.224/27,,10.155.16.192/26,
01004,01004,10.155.16.236,,10.155.16.224/27,,10.155.16.192/26,
01005,01005,10.155.16.237,,10.155.16.224/27,,10.155.16.192/26,
01006,01006,10.155.16.238,,10.155.16.224/27,,10.155.16.192/26,
01007,01007,10.155.16.239,,10.155.16.224/27,,10.155.16.192/26,
01008,01008,10.155.16.240,,10.155.16.224/27,,10.155.16.192/26,
01009,01009,10.155.16.241,,10.155.16.224/27,,10.155.16.192/26,
01010,01010,10.155.16.242,,10.155.16.224/27,,10.155.16.192/26,
01011,01011,10.155.16.243,,10.155.16.224/27,,10.155.16.192/26,
01012,01012,10.155.16.244,,10.155.16.224/27,,10.155.16.192/26,
01013,01013,10.155.16.245,,10.155.16.224/27,,10.155.16.192/26,
01014,01014,10.155.16.246,,10.155.16.224/27,,10.155.16.192/26,
01015,01015,10.155.16.247,,10.155.16.224/27,,10.155.16.192/26,
01016,01016,10.155.16.248,,10.155.16.224/27,,10.155.16.192/26,
01017,01017,10.155.16.249,,10.155.16.224/27,,10.155.16.192/26,
01018,01018,10.155.16.250,,10.155.16.224/27,,10.155.16.192/26,
01019,01019,10.155.16.251,,10.155.16.224/27,,10.155.16.192/26,
01020,01020,10.155.16.252,,10.155.16.224/27,,10.155.16.192/26,
01021,01021,10.155.16.253,,10.155.16.224/27,,10.155.16.192/26,
01022,01022,10.155.16.254,,10.155.16.224/27,,10.155.16.192/26,
01023,01023,10.155.16.255,,10.155.16.224/27,,10.155.16.192/26,
01024,01024,10.155.17.0,,10.155.17.0/27,,10.155.17.0/26,
01025,01025,10.155.17.1,,10.155.17.0/27,,10.155.17.0/26,
01026,01026,10.155.17.2,,10.155.17.0/27,,10.155.17.0/26,
01027,01027,10.155.17.3,,10.155.17.0/27,,10.155.17.0/26,
01028,01028,10.155.17.4,,10.155.17.0/27,,10.155.17.0/26,
01029,01029,10.155.17.5,,10.155.17.0/27,,10.155.17.0/26,
01030,01030,10.155.17.6,,10.155.17.0/27,,10.155.17.0/26,
01031,01031,10.155.17.7,,10.155.17.0/27,,10.155.17.0/26,
01032,01032,10.155.17.8,,10.155.17.0/27,,10.155.17.0/26,
01033,01033,10.155.17.9,,10.155.17.0/27,,10.155.17.0/26,
01034,01034,10.155.17.10,,10.155.17.0/27,,10.155.17.0/26,
01035,01035,10.155.17.11,,10.155.17.0/27,,10.155.17.0/26,
01036,01036,10.155.17.12,,10.155.17.0/27,,10.155.17.0/26,
01037,01037,10.155.17.13,,10.155.17.0/27,,10.155.17.0/26,
01038,01038,10.155.17.14,,10.155.17.0/27,,10.155.17.0/26,
01039,01039,10.155.17.15,,10.155.17.0/27,,10.155.17.0/26,
01040,01040,10.155.17.16,,10.155.17.0/27,,10.155.17.0/26,
01041,01041,10.155.17.17,,10.155.17.0/27,,10.155.17.0/26,
01042,01042,10.155.17.18,,10.155.17.0/27,,10.155.17.0/26,
01043,01043,10.155.17.19,,10.155.17.0/27,,10.155.17.0/26,
01044,01044,10.155.17.20,,10.155.17.0/27,,10.155.17.0/26,
01045,01045,10.155.17.21,,10.155.17.0/27,,10.155.17.0/26,
01046,01046,10.155.17.22,,10.155.17.0/27,,10.155.17.0/26,
01047,01047,10.155.17.23,,10.155.17.0/27,,10.155.17.0/26,
01048,01048,10.155.17.24,,10.155.17.0/27,,10.155.17.0/26,
01049,01049,10.155.17.25,,10.155.17.0/27,,10.155.17.0/26,
01050,01050,10.155.17.26,,10.155.17.0/27,,10.155.17.0/26,
01051,01051,10.155.17.27,,10.155.17.0/27,,10.155.17.0/26,
01052,01052,10.155.17.28,,10.155.17.0/27,,10.155.17.0/26,
01053,01053,10.155.17.29,,10.155.17.0/27,,10.155.17.0/26,
01054,01054,10.155.17.30,,10.155.17.0/27,,10.155.17.0/26,
01055,01055,10.155.17.31,,10.155.17.0/27,,10.155.17.0/26,
01056,01056,10.155.17.32,,10.155.17.32/27,,10.155.17.0/26,
01057,01057,10.155.17.33,,10.155.17.32/27,,10.155.17.0/26,
01058,01058,10.155.17.34,,10.155.17.32/27,,10.155.17.0/26,
01059,01059,10.155.17.35,,10.155.17.32/27,,10.155.17.0/26,
01060,01060,10.155.17.36,,10.155.17.32/27,,10.155.17.0/26,
01061,01061,10.155.17.37,,10.155.17.32/27,,10.155.17.0/26,
01062,01062,10.155.17.38,,10.155.17.32/27,,10.155.17.0/26,
01063,01063,10.155.17.39,,10.155.17.32/27,,10.155.17.0/26,
01064,01064,10.155.17.40,,10.155.17.32/27,,10.155.17.0/26,
01065,01065,10.155.17.41,,10.155.17.32/27,,10.155.17.0/26,
01066,01066,10.155.17.42,,10.155.17.32/27,,10.155.17.0/26,
01067,01067,10.155.17.43,,10.155.17.32/27,,10.155.17.0/26,
01068,01068,10.155.17.44,,10.155.17.32/27,,10.155.17.0/26,
01069,01069,10.155.17.45,,10.155.17.32/27,,10.155.17.0/26,
01070,01070,10.155.17.46,,10.155.17.32/27,,10.155.17.0/26,
01071,01071,10.155.17.47,,10.155.17.32/27,,10.155.17.0/26,
01072,01072,10.155.17.48,,10.155.17.32/27,,10.155.17.0/26,
01073,01073,10.155.17.49,,10.155.17.32/27,,10.155.17.0/26,
01074,01074,10.155.17.50,,10.155.17.32/27,,10.155.17.0/26,
01075,01075,10.155.17.51,,10.155.17.32/27,,10.155.17.0/26,
01076,01076,10.155.17.52,,10.155.17.32/27,,10.155.17.0/26,
01077,01077,10.155.17.53,,10.155.17.32/27,,10.155.17.0/26,
01078,01078,10.155.17.54,,10.155.17.32/27,,10.155.17.0/26,
01079,01079,10.155.17.55,,10.155.17.32/27,,10.155.17.0/26,
01080,01080,10.155.17.56,,10.155.17.32/27,,10.155.17.0/26,
01081,01081,10.155.17.57,,10.155.17.32/27,,10.155.17.0/26,
01082,01082,10.155.17.58,,10.155.17.32/27,,10.155.17.0/26,
01083,01083,10.155.17.59,,10.155.17.32/27,,10.155.17.0/26,
01084,01084,10.155.17.60,,10.155.17.32/27,,10.155.17.0/26,
01085,01085,10.155.17.61,,10.155.17.32/27,,10.155.17.0/26,
01086,01086,10.155.17.62,,10.155.17.32/27,,10.155.17.0/26,
01087,01087,10.155.17.63,,10.155.17.32/27,,10.155.17.0/26,
01088,01088,10.155.17.64,,10.155.17.64/27,,10.155.17.64/26,
01089,01089,10.155.17.65,,10.155.17.64/27,,10.155.17.64/26,
01090,01090,10.155.17.66,,10.155.17.64/27,,10.155.17.64/26,
01091,01091,10.155.17.67,,10.155.17.64/27,,10.155.17.64/26,
01092,01092,10.155.17.68,,10.155.17.64/27,,10.155.17.64/26,
01093,01093,10.155.17.69,,10.155.17.64/27,,10.155.17.64/26,
01094,01094,10.155.17.70,,10.155.17.64/27,,10.155.17.64/26,
01095,01095,10.155.17.71,,10.155.17.64/27,,10.155.17.64/26,
01096,01096,10.155.17.72,,10.155.17.64/27,,10.155.17.64/26,
01097,01097,10.155.17.73,,10.155.17.64/27,,10.155.17.64/26,
01098,01098,10.155.17.74,,10.155.17.64/27,,10.155.17.64/26,
01099,01099,10.155.17.75,,10.155.17.64/27,,10.155.17.64/26,
01100,01100,10.155.17.76,,10.155.17.64/27,,10.155.17.64/26,
01101,01101,10.155.17.77,,10.155.17.64/27,,10.155.17.64/26,
01102,01102,10.155.17.78,,10.155.17.64/27,,10.155.17.64/26,
01103,01103,10.155.17.79,,10.155.17.64/27,,10.155.17.64/26,
01104,01104,10.155.17.80,,10.155.17.64/27,,10.155.17.64/26,
01105,01105,10.155.17.81,,10.155.17.64/27,,10.155.17.64/26,
01106,01106,10.155.17.82,,10.155.17.64/27,,10.155.17.64/26,
01107,01107,10.155.17.83,,10.155.17.64/27,,10.155.17.64/26,
01108,01108,10.155.17.84,,10.155.17.64/27,,10.155.17.64/26,
01109,01109,10.155.17.85,,10.155.17.64/27,,10.155.17.64/26,
01110,01110,10.155.17.86,,10.155.17.64/27,,10.155.17.64/26,
01111,01111,10.155.17.87,,10.155.17.64/27,,10.155.17.64/26,
01112,01112,10.155.17.88,,10.155.17.64/27,,10.155.17.64/26,
01113,01113,10.155.17.89,,10.155.17.64/27,,10.155.17.64/26,
01114,01114,10.155.17.90,,10.155.17.64/27,,10.155.17.64/26,
01115,01115,10.155.17.91,,10.155.17.64/27,,10.155.17.64/26,
01116,01116,10.155.17.92,,10.155.17.64/27,,10.155.17.64/26,
01117,01117,10.155.17.93,,10.155.17.64/27,,10.155.17.64/26,
01118,01118,10.155.17.94,,10.155.17.64/27,,10.155.17.64/26,
01119,01119,10.155.17.95,,10.155.17.64/27,,10.155.17.64/26,
01120,01120,10.155.17.96,,10.155.17.96/27,,10.155.17.64/26,
01121,01121,10.155.17.97,,10.155.17.96/27,,10.155.17.64/26,
01122,01122,10.155.17.98,,10.155.17.96/27,,10.155.17.64/26,
01123,01123,10.155.17.99,,10.155.17.96/27,,10.155.17.64/26,
01124,01124,10.155.17.100,,10.155.17.96/27,,10.155.17.64/26,
01125,01125,10.155.17.101,,10.155.17.96/27,,10.155.17.64/26,
01126,01126,10.155.17.102,,10.155.17.96/27,,10.155.17.64/26,
01127,01127,10.155.17.103,,10.155.17.96/27,,10.155.17.64/26,
01128,01128,10.155.17.104,,10.155.17.96/27,,10.155.17.64/26,
01129,01129,10.155.17.105,,10.155.17.96/27,,10.155.17.64/26,
01130,01130,10.155.17.106,,10.155.17.96/27,,10.155.17.64/26,
01131,01131,10.155.17.107,,10.155.17.96/27,,10.155.17.64/26,
01132,01132,10.155.17.108,,10.155.17.96/27,,10.155.17.64/26,
01133,01133,10.155.17.109,,10.155.17.96/27,,10.155.17.64/26,
01134,01134,10.155.17.110,,10.155.17.96/27,,10.155.17.64/26,
01135,01135,10.155.17.111,,10.155.17.96/27,,10.155.17.64/26,
01136,01136,10.155.17.112,,10.155.17.96/27,,10.155.17.64/26,
01137,01137,10.155.17.113,,10.155.17.96/27,,10.155.17.64/26,
01138,01138,10.155.17.114,,10.155.17.96/27,,10.155.17.64/26,
01139,01139,10.155.17.115,,10.155.17.96/27,,10.155.17.64/26,
01140,01140,10.155.17.116,,10.155.17.96/27,,10.155.17.64/26,
01141,01141,10.155.17.117,,10.155.17.96/27,,10.155.17.64/26,
01142,01142,10.155.17.118,,10.155.17.96/27,,10.155.17.64/26,
01143,01143,10.155.17.119,,10.155.17.96/27,,10.155.17.64/26,
01144,01144,10.155.17.120,,10.155.17.96/27,,10.155.17.64/26,
01145,01145,10.155.17.121,,10.155.17.96/27,,10.155.17.64/26,
01146,01146,10.155.17.122,,10.155.17.96/27,,10.155.17.64/26,
01147,01147,10.155.17.123,,10.155.17.96/27,,10.155.17.64/26,
01148,01148,10.155.17.124,,10.155.17.96/27,,10.155.17.64/26,
01149,01149,10.155.17.125,,10.155.17.96/27,,10.155.17.64/26,
01150,01150,10.155.17.126,,10.155.17.96/27,,10.155.17.64/26,
01151,01151,10.155.17.127,,10.155.17.96/27,,10.155.17.64/26,
01152,01152,10.155.17.128,,10.155.17.128/27,,10.155.17.128/26,
01153,01153,10.155.17.129,,10.155.17.128/27,,10.155.17.128/26,
01154,01154,10.155.17.130,,10.155.17.128/27,,10.155.17.128/26,
01155,01155,10.155.17.131,,10.155.17.128/27,,10.155.17.128/26,
01156,01156,10.155.17.132,,10.155.17.128/27,,10.155.17.128/26,
01157,01157,10.155.17.133,,10.155.17.128/27,,10.155.17.128/26,
01158,01158,10.155.17.134,,10.155.17.128/27,,10.155.17.128/26,
01159,01159,10.155.17.135,,10.155.17.128/27,,10.155.17.128/26,
01160,01160,10.155.17.136,,10.155.17.128/27,,10.155.17.128/26,
01161,01161,10.155.17.137,,10.155.17.128/27,,10.155.17.128/26,
01162,01162,10.155.17.138,,10.155.17.128/27,,10.155.17.128/26,
01163,01163,10.155.17.139,,10.155.17.128/27,,10.155.17.128/26,
01164,01164,10.155.17.140,,10.155.17.128/27,,10.155.17.128/26,
01165,01165,10.155.17.141,,10.155.17.128/27,,10.155.17.128/26,
01166,01166,10.155.17.142,,10.155.17.128/27,,10.155.17.128/26,
01167,01167,10.155.17.143,,10.155.17.128/27,,10.155.17.128/26,
01168,01168,10.155.17.144,,10.155.17.128/27,,10.155.17.128/26,
01169,01169,10.155.17.145,,10.155.17.128/27,,10.155.17.128/26,
01170,01170,10.155.17.146,,10.155.17.128/27,,10.155.17.128/26,
01171,01171,10.155.17.147,,10.155.17.128/27,,10.155.17.128/26,
01172,01172,10.155.17.148,,10.155.17.128/27,,10.155.17.128/26,
01173,01173,10.155.17.149,,10.155.17.128/27,,10.155.17.128/26,
01174,01174,10.155.17.150,,10.155.17.128/27,,10.155.17.128/26,
01175,01175,10.155.17.151,,10.155.17.128/27,,10.155.17.128/26,
01176,01176,10.155.17.152,,10.155.17.128/27,,10.155.17.128/26,
01177,01177,10.155.17.153,,10.155.17.128/27,,10.155.17.128/26,
01178,01178,10.155.17.154,,10.155.17.128/27,,10.155.17.128/26,
01179,01179,10.155.17.155,,10.155.17.128/27,,10.155.17.128/26,
01180,01180,10.155.17.156,,10.155.17.128/27,,10.155.17.128/26,
01181,01181,10.155.17.157,,10.155.17.128/27,,10.155.17.128/26,
01182,01182,10.155.17.158,,10.155.17.128/27,,10.155.17.128/26,
01183,01183,10.155.17.159,,10.155.17.128/27,,10.155.17.128/26,
01184,01184,10.155.17.160,,10.155.17.160/27,,10.155.17.128/26,
01185,01185,10.155.17.161,,10.155.17.160/27,,10.155.17.128/26,
01186,01186,10.155.17.162,,10.155.17.160/27,,10.155.17.128/26,
01187,01187,10.155.17.163,,10.155.17.160/27,,10.155.17.128/26,
01188,01188,10.155.17.164,,10.155.17.160/27,,10.155.17.128/26,
01189,01189,10.155.17.165,,10.155.17.160/27,,10.155.17.128/26,
01190,01190,10.155.17.166,,10.155.17.160/27,,10.155.17.128/26,
01191,01191,10.155.17.167,,10.155.17.160/27,,10.155.17.128/26,
01192,01192,10.155.17.168,,10.155.17.160/27,,10.155.17.128/26,
01193,01193,10.155.17.169,,10.155.17.160/27,,10.155.17.128/26,
01194,01194,10.155.17.170,,10.155.17.160/27,,10.155.17.128/26,
01195,01195,10.155.17.171,,10.155.17.160/27,,10.155.17.128/26,
01196,01196,10.155.17.172,,10.155.17.160/27,,10.155.17.128/26,
01197,01197,10.155.17.173,,10.155.17.160/27,,10.155.17.128/26,
01198,01198,10.155.17.174,,10.155.17.160/27,,10.155.17.128/26,
01199,01199,10.155.17.175,,10.155.17.160/27,,10.155.17.128/26,
01200,01200,10.155.17.176,,10.155.17.160/27,,10.155.17.128/26,
01201,01201,10.155.17.177,,10.155.17.160/27,,10.155.17.128/26,
01202,01202,10.155.17.178,,10.155.17.160/27,,10.155.17.128/26,
01203,01203,10.155.17.179,,10.155.17.160/27,,10.155.17.128/26,
01204,01204,10.155.17.180,,10.155.17.160/27,,10.155.17.128/26,
01205,01205,10.155.17.181,,10.155.17.160/27,,10.155.17.128/26,
01206,01206,10.155.17.182,,10.155.17.160/27,,10.155.17.128/26,
01207,01207,10.155.17.183,,10.155.17.160/27,,10.155.17.128/26,
01208,01208,10.155.17.184,,10.155.17.160/27,,10.155.17.128/26,
01209,01209,10.155.17.185,,10.155.17.160/27,,10.155.17.128/26,
01210,01210,10.155.17.186,,10.155.17.160/27,,10.155.17.128/26,
01211,01211,10.155.17.187,,10.155.17.160/27,,10.155.17.128/26,
01212,01212,10.155.17.188,,10.155.17.160/27,,10.155.17.128/26,
01213,01213,10.155.17.189,,10.155.17.160/27,,10.155.17.128/26,
01214,01214,10.155.17.190,,10.155.17.160/27,,10.155.17.128/26,
01215,01215,10.155.17.191,,10.155.17.160/27,,10.155.17.128/26,
01216,01216,10.155.17.192,,10.155.17.192/27,,10.155.17.192/26,
01217,01217,10.155.17.193,,10.155.17.192/27,,10.155.17.192/26,
01218,01218,10.155.17.194,,10.155.17.192/27,,10.155.17.192/26,
01219,01219,10.155.17.195,,10.155.17.192/27,,10.155.17.192/26,
01220,01220,10.155.17.196,,10.155.17.192/27,,10.155.17.192/26,
01221,01221,10.155.17.197,,10.155.17.192/27,,10.155.17.192/26,
01222,01222,10.155.17.198,,10.155.17.192/27,,10.155.17.192/26,
01223,01223,10.155.17.199,,10.155.17.192/27,,10.155.17.192/26,
01224,01224,10.155.17.200,,10.155.17.192/27,,10.155.17.192/26,
01225,01225,10.155.17.201,,10.155.17.192/27,,10.155.17.192/26,
01226,01226,10.155.17.202,,10.155.17.192/27,,10.155.17.192/26,
01227,01227,10.155.17.203,,10.155.17.192/27,,10.155.17.192/26,
01228,01228,10.155.17.204,,10.155.17.192/27,,10.155.17.192/26,
01229,01229,10.155.17.205,,10.155.17.192/27,,10.155.17.192/26,
01230,01230,10.155.17.206,,10.155.17.192/27,,10.155.17.192/26,
01231,01231,10.155.17.207,,10.155.17.192/27,,10.155.17.192/26,
01232,01232,10.155.17.208,,10.155.17.192/27,,10.155.17.192/26,
01233,01233,10.155.17.209,,10.155.17.192/27,,10.155.17.192/26,
01234,01234,10.155.17.210,,10.155.17.192/27,,10.155.17.192/26,
01235,01235,10.155.17.211,,10.155.17.192/27,,10.155.17.192/26,
01236,01236,10.155.17.212,,10.155.17.192/27,,10.155.17.192/26,
01237,01237,10.155.17.213,,10.155.17.192/27,,10.155.17.192/26,
01238,01238,10.155.17.214,,10.155.17.192/27,,10.155.17.192/26,
01239,01239,10.155.17.215,,10.155.17.192/27,,10.155.17.192/26,
01240,01240,10.155.17.216,,10.155.17.192/27,,10.155.17.192/26,
01241,01241,10.155.17.217,,10.155.17.192/27,,10.155.17.192/26,
01242,01242,10.155.17.218,,10.155.17.192/27,,10.155.17.192/26,
01243,01243,10.155.17.219,,10.155.17.192/27,,10.155.17.192/26,
01244,01244,10.155.17.220,,10.155.17.192/27,,10.155.17.192/26,
01245,01245,10.155.17.221,,10.155.17.192/27,,10.155.17.192/26,
01246,01246,10.155.17.222,,10.155.17.192/27,,10.155.17.192/26,
01247,01247,10.155.17.223,,10.155.17.192/27,,10.155.17.192/26,
01248,01248,10.155.17.224,,10.155.17.224/27,,10.155.17.192/26,
01249,01249,10.155.17.225,,10.155.17.224/27,,10.155.17.192/26,
01250,01250,10.155.17.226,,10.155.17.224/27,,10.155.17.192/26,
01251,01251,10.155.17.227,,10.155.17.224/27,,10.155.17.192/26,
01252,01252,10.155.17.228,,10.155.17.224/27,,10.155.17.192/26,
01253,01253,10.155.17.229,,10.155.17.224/27,,10.155.17.192/26,
01254,01254,10.155.17.230,,10.155.17.224/27,,10.155.17.192/26,
01255,01255,10.155.17.231,,10.155.17.224/27,,10.155.17.192/26,
01256,01256,10.155.17.232,,10.155.17.224/27,,10.155.17.192/26,
01257,01257,10.155.17.233,,10.155.17.224/27,,10.155.17.192/26,
01258,01258,10.155.17.234,,10.155.17.224/27,,10.155.17.192/26,
01259,01259,10.155.17.235,,10.155.17.224/27,,10.155.17.192/26,
01260,01260,10.155.17.236,,10.155.17.224/27,,10.155.17.192/26,
01261,01261,10.155.17.237,,10.155.17.224/27,,10.155.17.192/26,
01262,01262,10.155.17.238,,10.155.17.224/27,,10.155.17.192/26,
01263,01263,10.155.17.239,,10.155.17.224/27,,10.155.17.192/26,
01264,01264,10.155.17.240,,10.155.17.224/27,,10.155.17.192/26,
01265,01265,10.155.17.241,,10.155.17.224/27,,10.155.17.192/26,
01266,01266,10.155.17.242,,10.155.17.224/27,,10.155.17.192/26,
01267,01267,10.155.17.243,,10.155.17.224/27,,10.155.17.192/26,
01268,01268,10.155.17.244,,10.155.17.224/27,,10.155.17.192/26,
01269,01269,10.155.17.245,,10.155.17.224/27,,10.155.17.192/26,
01270,01270,10.155.17.246,,10.155.17.224/27,,10.155.17.192/26,
01271,01271,10.155.17.247,,10.155.17.224/27,,10.155.17.192/26,
01272,01272,10.155.17.248,,10.155.17.224/27,,10.155.17.192/26,
01273,01273,10.155.17.249,,10.155.17.224/27,,10.155.17.192/26,
01274,01274,10.155.17.250,,10.155.17.224/27,,10.155.17.192/26,
01275,01275,10.155.17.251,,10.155.17.224/27,,10.155.17.192/26,
01276,01276,10.155.17.252,,10.155.17.224/27,,10.155.17.192/26,
01277,01277,10.155.17.253,,10.155.17.224/27,,10.155.17.192/26,
01278,01278,10.155.17.254,,10.155.17.224/27,,10.155.17.192/26,
01279,01279,10.155.17.255,,10.155.17.224/27,,10.155.17.192/26,
